"index","mc","mcblue","mclds","ismc","ismcblue","ismclds"
"0","0.015345","0.015345","0.015345","0.005653","0.005653","0.005653",
"1","0.009468","0.009468","0.004859","0.003204","0.003204","0.002867",
"2","0.007203","0.007203","0.003966","0.001264","0.001264","0.000441",
"3","0.003704","0.003704","0.001271","0.000107","0.000107","0.000037",
"4","0.002723","0.002723","0.001296","0.000353","0.000353","0.001191",
"5","0.004134","0.004134","0.002898","0.000910","0.000910","0.000118",
"6","0.005362","0.005362","0.000893","0.001807","0.001807","0.001186",
"7","0.007525","0.007525","0.000592","0.002529","0.002529","0.000103",
"8","0.009509","0.009509","0.001352","0.002859","0.002859","0.000330",
"9","0.009550","0.009550","0.000978","0.003133","0.003133","0.000648",
"10","0.008935","0.008935","0.001378","0.002869","0.002869","0.000054",
"11","0.008846","0.008846","0.000028","0.002508","0.002508","0.000271",
"12","0.009639","0.009639","0.000211","0.002882","0.002882","0.000189",
"13","0.008993","0.008993","0.001187","0.002754","0.002754","0.000245",
"14","0.007971","0.007971","0.000590","0.002365","0.002365","0.000438",
"15","0.007612","0.007612","0.000585","0.002216","0.002216","0.000052",
"16","0.008061","0.008061","0.000469","0.002210","0.002210","0.000152",
"17","0.006631","0.006631","0.000456","0.001980","0.001980","0.000348",
"18","0.007112","0.007112","0.000896","0.002160","0.002160","0.000039",
"19","0.007063","0.007063","0.000200","0.002200","0.002200","0.000315",
"20","0.006940","0.006940","0.000085","0.001925","0.001925","0.000032",
"21","0.007126","0.007126","0.000649","0.002188","0.002188","0.000149",
"22","0.006544","0.006544","0.000432","0.002078","0.002078","0.000345",
"23","0.005900","0.005900","0.000554","0.001882","0.001882","0.000057",
"24","0.006165","0.006165","0.000130","0.001803","0.001803","0.000164",
"25","0.006704","0.006704","0.000199","0.002080","0.002080","0.000306",
"26","0.006584","0.006584","0.000640","0.002182","0.002182","0.000079",
"27","0.006164","0.006164","0.000265","0.002016","0.002016","0.000355",
"28","0.005090","0.005090","0.000226","0.001699","0.001699","0.000031",
"29","0.004954","0.004954","0.000355","0.001731","0.001731","0.000091",
"30","0.005146","0.005146","0.000302","0.001833","0.001833","0.000231",
"31","0.004975","0.004975","0.000502","0.001696","0.001696","0.000010",
"32","0.004740","0.004740","0.000043","0.001579","0.001579","0.000142",
"33","0.004478","0.004478","0.000032","0.001468","0.001468","0.000010",
"34","0.004155","0.004155","0.000454","0.001346","0.001346","0.000173",
"35","0.004168","0.004168","0.000263","0.001338","0.001338","0.000146",
"36","0.003371","0.003371","0.000296","0.001091","0.001091","0.000041",
"37","0.002684","0.002684","0.000163","0.000776","0.000776","0.000036",
"38","0.003024","0.003024","0.000185","0.000857","0.000857","0.000165",
"39","0.003034","0.003034","0.000433","0.000861","0.000861","0.000010",
"40","0.003180","0.003180","0.000133","0.000957","0.000957","0.000210",
"41","0.003718","0.003718","0.000086","0.001142","0.001142","0.000035",
"42","0.003449","0.003449","0.000303","0.000979","0.000979","0.000053",
"43","0.003062","0.003062","0.000225","0.000843","0.000843","0.000163",
"44","0.003049","0.003049","0.000322","0.000865","0.000865","0.000011",
"45","0.003179","0.003179","0.000031","0.000937","0.000937","0.000088",
"46","0.003643","0.003643","0.000079","0.001149","0.001149","0.000111",
"47","0.003446","0.003446","0.000353","0.001043","0.001043","0.000019",
"48","0.003397","0.003397","0.000171","0.001021","0.001021","0.000178",
"49","0.003155","0.003155","0.000166","0.000896","0.000896","0.000017",
"50","0.002971","0.002971","0.000177","0.000834","0.000834","0.000026",
"51","0.002831","0.002831","0.000168","0.000852","0.000852","0.000150",
"52","0.003103","0.003103","0.000316","0.000976","0.000976","0.000010",
"53","0.003008","0.003008","0.000056","0.000938","0.000938","0.000123",
"54","0.002929","0.002929","0.000012","0.000925","0.000925","0.000016",
"55","0.002774","0.002774","0.000267","0.000868","0.000868","0.000067",
"56","0.002651","0.002651","0.000172","0.000885","0.000885","0.000133",
"57","0.002801","0.002801","0.000215","0.000969","0.000969","0.000010",
"58","0.002972","0.002972","0.000074","0.001040","0.001040","0.000036",
"59","0.003160","0.003160","0.000100","0.001042","0.001042","0.000118",
"60","0.002804","0.002804","0.000285","0.000982","0.000982","0.000016",
"61","0.002929","0.002929","0.000108","0.000997","0.000997","0.000146",
"62","0.003043","0.003043","0.000086","0.001046","0.001046","0.000015",
"63","0.003231","0.003231","0.000181","0.001175","0.001175","0.000049",
"64","0.003411","0.003411","0.000148","0.001275","0.001275","0.000097",
"65","0.003423","0.003423","0.000235","0.001270","0.001270","0.000017",
"66","0.003494","0.003494","0.000010","0.001313","0.001313","0.000047",
"67","0.003728","0.003728","0.000031","0.001450","0.001450","0.000015",
"68","0.003806","0.003806","0.000237","0.001494","0.001494","0.000068",
"69","0.003839","0.003839","0.000130","0.001476","0.001476","0.000084",
"70","0.003498","0.003498","0.000141","0.001332","0.001332","0.000019",
"71","0.003326","0.003326","0.000101","0.001276","0.001276","0.000034",
"72","0.003329","0.003329","0.000107","0.001220","0.001220","0.000085",
"73","0.003240","0.003240","0.000232","0.001190","0.001190","0.000010",
"74","0.003473","0.003473","0.000061","0.001288","0.001288","0.000094",
"75","0.003404","0.003404","0.000033","0.001205","0.001205","0.000014",
"76","0.003620","0.003620","0.000180","0.001253","0.001253","0.000038",
"77","0.003716","0.003716","0.000128","0.001251","0.001251","0.000092",
"78","0.003782","0.003782","0.000174","0.001290","0.001290","0.000010",
"79","0.003460","0.003460","0.000032","0.001175","0.001175","0.000045",
"80","0.003179","0.003179","0.000057","0.001098","0.001098","0.000080",
"81","0.003144","0.003144","0.000210","0.001088","0.001088","0.000010",
"82","0.003041","0.003041","0.000094","0.001036","0.001036","0.000106",
"83","0.002918","0.002918","0.000086","0.000991","0.000991","0.000010",
"84","0.002931","0.002931","0.000118","0.001017","0.001017","0.000034",
"85","0.003100","0.003100","0.000106","0.001037","0.001037","0.000082",
"86","0.002923","0.002923","0.000188","0.000987","0.000987","0.000010",
"87","0.002825","0.002825","0.000023","0.000973","0.000973","0.000062",
"88","0.002737","0.002737","0.000010","0.000914","0.000914","0.000010",
"89","0.002663","0.002663","0.000173","0.000890","0.000890","0.000062",
"90","0.002501","0.002501","0.000106","0.000840","0.000840","0.000065",
"91","0.002402","0.002402","0.000126","0.000824","0.000824","0.000010",
"92","0.002303","0.002303","0.000059","0.000790","0.000790","0.000010",
"93","0.002509","0.002509","0.000072","0.000867","0.000867","0.000072",
"94","0.002482","0.002482","0.000183","0.000850","0.000850","0.000010",
"95","0.002561","0.002561","0.000062","0.000880","0.000880","0.000094",
"96","0.002599","0.002599","0.000044","0.000957","0.000957","0.000019",
"97","0.002623","0.002623","0.000128","0.000964","0.000964","0.000021",
"98","0.002522","0.002522","0.000099","0.000907","0.000907","0.000075",
"99","0.002575","0.002575","0.000149","0.000936","0.000936","0.000010",
"100","0.002439","0.002439","0.000010","0.000921","0.000921","0.000044",
"101","0.002528","0.002528","0.000031","0.000979","0.000979","0.000043",
"102","0.002473","0.002473","0.000163","0.000951","0.000951","0.000015",
"103","0.002594","0.002594","0.000083","0.000978","0.000978","0.000080",
"104","0.002668","0.002668","0.000085","0.000982","0.000982","0.000010",
"105","0.002529","0.002529","0.000079","0.000905","0.000905","0.000012",
"106","0.002548","0.002548","0.000079","0.000898","0.000898","0.000070",
"107","0.002662","0.002662","0.000157","0.000965","0.000965","0.000010",
"108","0.002727","0.002727","0.000033","0.000969","0.000969","0.000062",
"109","0.002715","0.002715","0.000012","0.000939","0.000939","0.000010",
"110","0.002881","0.002881","0.000131","0.001013","0.001013","0.000029",
"111","0.002949","0.002949","0.000088","0.001033","0.001033","0.000072",
"112","0.003017","0.003017","0.000115","0.001049","0.001049","0.000012",
"113","0.003065","0.003065","0.000032","0.001047","0.001047","0.000033",
"114","0.003183","0.003183","0.000048","0.001094","0.001094","0.000070",
"115","0.003189","0.003189","0.000149","0.001078","0.001078","0.000021",
"116","0.003207","0.003207","0.000061","0.001095","0.001095","0.000088",
"117","0.003193","0.003193","0.000052","0.001075","0.001075","0.000013",
"118","0.003174","0.003174","0.000093","0.001064","0.001064","0.000021",
"119","0.003097","0.003097","0.000079","0.001050","0.001050","0.000059",
"120","0.003216","0.003216","0.000131","0.001085","0.001085","0.000010",
"121","0.003272","0.003272","0.000010","0.001096","0.001096","0.000036",
"122","0.003156","0.003156","0.000012","0.001018","0.001018","0.000010",
"123","0.003254","0.003254","0.000130","0.001050","0.001050","0.000045",
"124","0.003159","0.003159","0.000075","0.001019","0.001019","0.000044",
"125","0.003177","0.003177","0.000084","0.001032","0.001032","0.000014",
"126","0.003207","0.003207","0.000052","0.001050","0.001050","0.000016",
"127","0.003162","0.003162","0.000058","0.001020","0.001020","0.000048",
"128","0.003048","0.003048","0.000134","0.000979","0.000979","0.000010",
"129","0.003076","0.003076","0.000039","0.000987","0.000987","0.000063",
"130","0.003123","0.003123","0.000024","0.001037","0.001037","0.000012",
"131","0.003113","0.003113","0.000101","0.001001","0.001001","0.000017",
"132","0.003187","0.003187","0.000075","0.001037","0.001037","0.000055",
"133","0.003196","0.003196","0.000106","0.001036","0.001036","0.000010",
"134","0.003162","0.003162","0.000014","0.001023","0.001023","0.000029",
"135","0.003252","0.003252","0.000030","0.001050","0.001050","0.000043",
"136","0.003157","0.003157","0.000124","0.001002","0.001002","0.000010",
"137","0.003160","0.003160","0.000059","0.000998","0.000998","0.000065",
"138","0.003081","0.003081","0.000057","0.000978","0.000978","0.000010",
"139","0.003126","0.003126","0.000067","0.000996","0.000996","0.000013",
"140","0.003225","0.003225","0.000063","0.001035","0.001035","0.000053",
"141","0.003115","0.003115","0.000117","0.000995","0.000995","0.000010",
"142","0.002954","0.002954","0.000019","0.000947","0.000947","0.000042",
"143","0.002949","0.002949","0.000010","0.000953","0.000953","0.000010",
"144","0.002937","0.002937","0.000105","0.000947","0.000947","0.000035",
"145","0.002846","0.002846","0.000067","0.000894","0.000894","0.000043",
"146","0.002693","0.002693","0.000082","0.000847","0.000847","0.000010",
"147","0.002649","0.002649","0.000033","0.000828","0.000828","0.000010",
"148","0.002619","0.002619","0.000042","0.000816","0.000816","0.000042",
"149","0.002604","0.002604","0.000116","0.000809","0.000809","0.000010",
"150","0.002595","0.002595","0.000043","0.000807","0.000807","0.000056",
"151","0.002475","0.002475","0.000033","0.000759","0.000759","0.000010",
"152","0.002450","0.002450","0.000078","0.000763","0.000763","0.000021",
"153","0.002397","0.002397","0.000063","0.000760","0.000760","0.000040",
"154","0.002320","0.002320","0.000099","0.000740","0.000740","0.000010",
"155","0.002247","0.002247","0.000010","0.000713","0.000713","0.000018",
"156","0.002357","0.002357","0.000016","0.000747","0.000747","0.000010",
"157","0.002384","0.002384","0.000105","0.000757","0.000757","0.000028",
"158","0.002344","0.002344","0.000056","0.000748","0.000748","0.000037",
"159","0.002305","0.002305","0.000060","0.000725","0.000725","0.000010",
"160","0.002286","0.002286","0.000048","0.000717","0.000717","0.000019",
"161","0.002309","0.002309","0.000050","0.000726","0.000726","0.000035",
"162","0.002245","0.002245","0.000105","0.000693","0.000693","0.000010",
"163","0.002226","0.002226","0.000026","0.000687","0.000687","0.000036",
"164","0.002136","0.002136","0.000012","0.000654","0.000654","0.000010",
"165","0.002154","0.002154","0.000085","0.000666","0.000666","0.000022",
"166","0.002079","0.002079","0.000060","0.000658","0.000658","0.000043",
"167","0.002054","0.002054","0.000080","0.000653","0.000653","0.000010",
"168","0.002099","0.002099","0.000018","0.000670","0.000670","0.000021",
"169","0.002115","0.002115","0.000029","0.000686","0.000686","0.000042",
"170","0.002178","0.002178","0.000101","0.000717","0.000717","0.000010",
"171","0.002111","0.002111","0.000044","0.000684","0.000684","0.000052",
"172","0.002055","0.002055","0.000039","0.000688","0.000688","0.000010",
"173","0.002052","0.002052","0.000060","0.000688","0.000688","0.000019",
"174","0.002079","0.002079","0.000053","0.000707","0.000707","0.000038",
"175","0.002043","0.002043","0.000092","0.000701","0.000701","0.000010",
"176","0.002062","0.002062","0.000010","0.000707","0.000707","0.000025",
"177","0.002062","0.002062","0.000010","0.000679","0.000679","0.000010",
"178","0.002182","0.002182","0.000088","0.000725","0.000725","0.000037",
"179","0.002082","0.002082","0.000053","0.000705","0.000705","0.000027",
"180","0.002072","0.002072","0.000062","0.000705","0.000705","0.000010",
"181","0.002038","0.002038","0.000033","0.000704","0.000704","0.000010",
"182","0.001947","0.001947","0.000038","0.000677","0.000677","0.000034",
"183","0.001889","0.001889","0.000094","0.000654","0.000654","0.000010",
"184","0.001797","0.001797","0.000030","0.000620","0.000620","0.000045",
"185","0.001675","0.001675","0.000021","0.000580","0.000580","0.000010",
"186","0.001698","0.001698","0.000069","0.000584","0.000584","0.000014",
"187","0.001624","0.001624","0.000053","0.000553","0.000553","0.000037",
"188","0.001675","0.001675","0.000078","0.000580","0.000580","0.000010",
"189","0.001656","0.001656","0.000010","0.000576","0.000576","0.000021",
"190","0.001678","0.001678","0.000018","0.000601","0.000601","0.000024",
"191","0.001633","0.001633","0.000088","0.000596","0.000596","0.000010",
"192","0.001669","0.001669","0.000044","0.000609","0.000609","0.000044",
"193","0.001668","0.001668","0.000044","0.000607","0.000607","0.000010",
"194","0.001738","0.001738","0.000045","0.000645","0.000645","0.000010",
"195","0.001764","0.001764","0.000044","0.000673","0.000673","0.000038",
"196","0.001833","0.001833","0.000085","0.000705","0.000705","0.000010",
"197","0.001906","0.001906","0.000017","0.000733","0.000733","0.000033",
"198","0.001833","0.001833","0.000010","0.000712","0.000712","0.000010",
"199","0.001773","0.001773","0.000074","0.000696","0.000696","0.000020",
"200","0.001752","0.001752","0.000049","0.000688","0.000688","0.000037",
"201","0.001784","0.001784","0.000063","0.000718","0.000718","0.000010",
"202","0.001721","0.001721","0.000020","0.000692","0.000692","0.000011",
"203","0.001657","0.001657","0.000029","0.000666","0.000666","0.000034",
"204","0.001642","0.001642","0.000085","0.000653","0.000653","0.000010",
"205","0.001554","0.001554","0.000033","0.000615","0.000615","0.000043",
"206","0.001538","0.001538","0.000028","0.000606","0.000606","0.000010",
"207","0.001532","0.001532","0.000055","0.000601","0.000601","0.000018",
"208","0.001504","0.001504","0.000046","0.000582","0.000582","0.000028",
"209","0.001550","0.001550","0.000075","0.000605","0.000605","0.000010",
"210","0.001472","0.001472","0.000010","0.000571","0.000571","0.000014",
"211","0.001511","0.001511","0.000010","0.000565","0.000565","0.000010",
"212","0.001517","0.001517","0.000076","0.000578","0.000578","0.000027",
"213","0.001470","0.001470","0.000043","0.000572","0.000572","0.000023",
"214","0.001433","0.001433","0.000048","0.000557","0.000557","0.000011",
"215","0.001428","0.001428","0.000033","0.000544","0.000544","0.000014",
"216","0.001458","0.001458","0.000035","0.000566","0.000566","0.000025",
"217","0.001459","0.001459","0.000079","0.000557","0.000557","0.000010",
"218","0.001418","0.001418","0.000022","0.000530","0.000530","0.000031",
"219","0.001410","0.001410","0.000012","0.000520","0.000520","0.000010",
"220","0.001335","0.001335","0.000062","0.000505","0.000505","0.000014",
"221","0.001212","0.001212","0.000045","0.000462","0.000462","0.000030",
"222","0.001287","0.001287","0.000063","0.000492","0.000492","0.000010",
"223","0.001220","0.001220","0.000010","0.000459","0.000459","0.000014",
"224","0.001192","0.001192","0.000020","0.000440","0.000440","0.000025",
"225","0.001202","0.001202","0.000076","0.000442","0.000442","0.000010",
"226","0.001165","0.001165","0.000035","0.000432","0.000432","0.000036",
"227","0.001126","0.001126","0.000033","0.000414","0.000414","0.000010",
"228","0.001070","0.001070","0.000043","0.000392","0.000392","0.000014",
"229","0.001033","0.001033","0.000039","0.000380","0.000380","0.000028",
"230","0.001000","0.001000","0.000071","0.000366","0.000366","0.000010",
"231","0.000994","0.000994","0.000010","0.000354","0.000354","0.000022",
"232","0.001046","0.001046","0.000010","0.000375","0.000375","0.000010",
"233","0.001078","0.001078","0.000066","0.000377","0.000377","0.000026",
"234","0.001020","0.001020","0.000041","0.000351","0.000351","0.000023",
"235","0.001042","0.001042","0.000050","0.000358","0.000358","0.000010",
"236","0.001009","0.001009","0.000022","0.000360","0.000360","0.000010",
"237","0.000974","0.000974","0.000028","0.000351","0.000351","0.000024",
"238","0.000957","0.000957","0.000073","0.000332","0.000332","0.000010",
"239","0.000993","0.000993","0.000026","0.000333","0.000333","0.000034",
"240","0.000980","0.000980","0.000019","0.000325","0.000325","0.000010",
"241","0.000981","0.000981","0.000051","0.000331","0.000331","0.000013",
"242","0.001035","0.001035","0.000040","0.000358","0.000358","0.000026",
"243","0.001076","0.001076","0.000062","0.000371","0.000371","0.000010",
"244","0.001050","0.001050","0.000010","0.000366","0.000366","0.000013",
"245","0.001069","0.001069","0.000012","0.000374","0.000374","0.000010",
"246","0.001098","0.001098","0.000067","0.000384","0.000384","0.000013",
"247","0.001132","0.001132","0.000035","0.000385","0.000385","0.000027",
"248","0.001183","0.001183","0.000037","0.000422","0.000422","0.000010",
"249","0.001188","0.001188","0.000033","0.000433","0.000433","0.000010",
"250","0.001191","0.001191","0.000033","0.000441","0.000441","0.000025",
"251","0.001264","0.001264","0.000067","0.000468","0.000468","0.000010",
"252","0.001199","0.001199","0.000015","0.000440","0.000440","0.000023",
"253","0.001185","0.001185","0.000010","0.000436","0.000436","0.000010",
"254","0.001146","0.001146","0.000056","0.000418","0.000418","0.000015",
"255","0.001157","0.001157","0.000039","0.000423","0.000423","0.000030",
"256","0.001182","0.001182","0.000051","0.000428","0.000428","0.000010",
"257","0.001118","0.001118","0.000013","0.000391","0.000391","0.000014",
"258","0.001172","0.001172","0.000020","0.000411","0.000411","0.000030",
"259","0.001174","0.001174","0.000067","0.000405","0.000405","0.000010",
"260","0.001190","0.001190","0.000028","0.000407","0.000407","0.000037",
"261","0.001257","0.001257","0.000024","0.000434","0.000434","0.000010",
"262","0.001280","0.001280","0.000041","0.000438","0.000438","0.000012",
"263","0.001192","0.001192","0.000036","0.000406","0.000406","0.000026",
"264","0.001176","0.001176","0.000060","0.000416","0.000416","0.000010",
"265","0.001145","0.001145","0.000010","0.000405","0.000405","0.000015",
"266","0.001170","0.001170","0.000010","0.000406","0.000406","0.000010",
"267","0.001182","0.001182","0.000060","0.000410","0.000410","0.000024",
"268","0.001206","0.001206","0.000035","0.000426","0.000426","0.000018",
"269","0.001192","0.001192","0.000040","0.000409","0.000409","0.000010",
"270","0.001209","0.001209","0.000023","0.000412","0.000412","0.000010",
"271","0.001237","0.001237","0.000027","0.000413","0.000413","0.000022",
"272","0.001265","0.001265","0.000063","0.000437","0.000437","0.000010",
"273","0.001271","0.001271","0.000019","0.000449","0.000449","0.000029",
"274","0.001198","0.001198","0.000013","0.000421","0.000421","0.000010",
"275","0.001167","0.001167","0.000048","0.000407","0.000407","0.000010",
"276","0.001170","0.001170","0.000036","0.000413","0.000413","0.000024",
"277","0.001158","0.001158","0.000052","0.000406","0.000406","0.000010",
"278","0.001223","0.001223","0.000010","0.000441","0.000441","0.000012",
"279","0.001234","0.001234","0.000014","0.000444","0.000444","0.000018",
"280","0.001198","0.001198","0.000060","0.000438","0.000438","0.000010",
"281","0.001260","0.001260","0.000029","0.000465","0.000465","0.000029",
"282","0.001275","0.001275","0.000029","0.000472","0.000472","0.000010",
"283","0.001258","0.001258","0.000032","0.000468","0.000468","0.000010",
"284","0.001201","0.001201","0.000031","0.000440","0.000440","0.000025",
"285","0.001214","0.001214","0.000058","0.000442","0.000442","0.000010",
"286","0.001228","0.001228","0.000010","0.000450","0.000450","0.000021",
"287","0.001188","0.001188","0.000010","0.000432","0.000432","0.000010",
"288","0.001146","0.001146","0.000052","0.000417","0.000417","0.000017",
"289","0.001112","0.001112","0.000034","0.000400","0.000400","0.000022",
"290","0.001094","0.001094","0.000042","0.000395","0.000395","0.000010",
"291","0.001118","0.001118","0.000016","0.000409","0.000409","0.000010",
"292","0.001100","0.001100","0.000021","0.000400","0.000400","0.000021",
"293","0.001108","0.001108","0.000059","0.000414","0.000414","0.000010",
"294","0.001140","0.001140","0.000022","0.000424","0.000424","0.000028",
"295","0.001206","0.001206","0.000018","0.000441","0.000441","0.000010",
"296","0.001251","0.001251","0.000040","0.000474","0.000474","0.000012",
"297","0.001278","0.001278","0.000032","0.000493","0.000493","0.000019",
"298","0.001229","0.001229","0.000052","0.000474","0.000474","0.000010",
"299","0.001207","0.001207","0.000010","0.000475","0.000475","0.000010",
"300","0.001264","0.001264","0.000010","0.000497","0.000497","0.000010",
"301","0.001286","0.001286","0.000054","0.000509","0.000509","0.000017",
"302","0.001264","0.001264","0.000030","0.000510","0.000510","0.000017",
"303","0.001236","0.001236","0.000032","0.000508","0.000508","0.000010",
"304","0.001237","0.001237","0.000024","0.000518","0.000518","0.000011",
"305","0.001255","0.001255","0.000026","0.000523","0.000523","0.000018",
"306","0.001224","0.001224","0.000056","0.000512","0.000512","0.000010",
"307","0.001235","0.001235","0.000014","0.000510","0.000510","0.000020",
"308","0.001235","0.001235","0.000010","0.000505","0.000505","0.000010",
"309","0.001267","0.001267","0.000045","0.000514","0.000514","0.000012",
"310","0.001292","0.001292","0.000032","0.000516","0.000516","0.000021",
"311","0.001260","0.001260","0.000044","0.000501","0.000501","0.000010",
"312","0.001308","0.001308","0.000010","0.000519","0.000519","0.000010",
"313","0.001299","0.001299","0.000015","0.000517","0.000517","0.000020",
"314","0.001305","0.001305","0.000055","0.000528","0.000528","0.000010",
"315","0.001340","0.001340","0.000024","0.000532","0.000532","0.000026",
"316","0.001209","0.001209","0.000022","0.000490","0.000490","0.000010",
"317","0.001199","0.001199","0.000032","0.000492","0.000492","0.000011",
"318","0.001150","0.001150","0.000029","0.000476","0.000476","0.000020",
"319","0.001131","0.001131","0.000051","0.000468","0.000468","0.000010",
"320","0.001150","0.001150","0.000010","0.000474","0.000474","0.000014",
"321","0.001173","0.001173","0.000010","0.000480","0.000480","0.000010",
"322","0.001204","0.001204","0.000048","0.000494","0.000494","0.000020",
"323","0.001209","0.001209","0.000030","0.000497","0.000497","0.000016",
"324","0.001202","0.001202","0.000035","0.000490","0.000490","0.000010",
"325","0.001231","0.001231","0.000017","0.000500","0.000500","0.000010",
"326","0.001243","0.001243","0.000021","0.000516","0.000516","0.000019",
"327","0.001216","0.001216","0.000053","0.000495","0.000495","0.000010",
"328","0.001232","0.001232","0.000018","0.000500","0.000500","0.000026",
"329","0.001217","0.001217","0.000013","0.000492","0.000492","0.000010",
"330","0.001162","0.001162","0.000038","0.000471","0.000471","0.000010",
"331","0.001148","0.001148","0.000030","0.000471","0.000471","0.000022",
"332","0.001165","0.001165","0.000045","0.000477","0.000477","0.000010",
"333","0.001120","0.001120","0.000010","0.000462","0.000462","0.000013",
"334","0.001120","0.001120","0.000010","0.000458","0.000458","0.000013",
"335","0.001178","0.001178","0.000050","0.000470","0.000470","0.000010",
"336","0.001152","0.001152","0.000026","0.000465","0.000465","0.000025",
"337","0.001142","0.001142","0.000026","0.000444","0.000444","0.000010",
"338","0.001169","0.001169","0.000025","0.000452","0.000452","0.000010",
"339","0.001180","0.001180","0.000025","0.000448","0.000448","0.000022",
"340","0.001139","0.001139","0.000050","0.000435","0.000435","0.000010",
"341","0.001160","0.001160","0.000010","0.000440","0.000440","0.000020",
"342","0.001178","0.001178","0.000010","0.000440","0.000440","0.000010",
"343","0.001171","0.001171","0.000043","0.000436","0.000436","0.000010",
"344","0.001130","0.001130","0.000029","0.000440","0.000440","0.000023",
"345","0.001119","0.001119","0.000037","0.000440","0.000440","0.000010",
"346","0.001090","0.001090","0.000011","0.000433","0.000433","0.000010",
"347","0.001079","0.001079","0.000016","0.000427","0.000427","0.000022",
"348","0.001076","0.001076","0.000050","0.000425","0.000425","0.000010",
"349","0.001077","0.001077","0.000020","0.000430","0.000430","0.000028",
"350","0.001006","0.001006","0.000017","0.000403","0.000403","0.000010",
"351","0.001057","0.001057","0.000032","0.000414","0.000414","0.000010",
"352","0.001093","0.001093","0.000027","0.000425","0.000425","0.000019",
"353","0.001038","0.001038","0.000045","0.000410","0.000410","0.000010",
"354","0.001036","0.001036","0.000010","0.000404","0.000404","0.000010",
"355","0.001027","0.001027","0.000010","0.000396","0.000396","0.000010",
"356","0.001014","0.001014","0.000045","0.000390","0.000390","0.000016",
"357","0.000993","0.000993","0.000026","0.000384","0.000384","0.000014",
"358","0.000959","0.000959","0.000029","0.000371","0.000371","0.000010",
"359","0.000991","0.000991","0.000019","0.000393","0.000393","0.000010",
"360","0.000983","0.000983","0.000021","0.000385","0.000385","0.000016",
"361","0.000959","0.000959","0.000048","0.000384","0.000384","0.000010",
"362","0.000969","0.000969","0.000014","0.000387","0.000387","0.000021",
"363","0.000977","0.000977","0.000010","0.000391","0.000391","0.000010",
"364","0.000995","0.000995","0.000037","0.000391","0.000391","0.000010",
"365","0.001018","0.001018","0.000027","0.000395","0.000395","0.000019",
"366","0.001031","0.001031","0.000038","0.000411","0.000411","0.000010",
"367","0.001051","0.001051","0.000010","0.000415","0.000415","0.000010",
"368","0.001041","0.001041","0.000011","0.000402","0.000402","0.000015",
"369","0.001068","0.001068","0.000046","0.000407","0.000407","0.000010",
"370","0.001089","0.001089","0.000022","0.000418","0.000418","0.000023",
"371","0.001092","0.001092","0.000021","0.000422","0.000422","0.000010",
"372","0.001078","0.001078","0.000026","0.000418","0.000418","0.000010",
"373","0.001089","0.001089","0.000024","0.000428","0.000428","0.000018",
"374","0.001067","0.001067","0.000044","0.000415","0.000415","0.000010",
"375","0.001048","0.001048","0.000010","0.000406","0.000406","0.000014",
"376","0.001035","0.001035","0.000010","0.000401","0.000401","0.000010",
"377","0.001063","0.001063","0.000040","0.000411","0.000411","0.000015",
"378","0.001077","0.001077","0.000026","0.000415","0.000415","0.000015",
"379","0.001084","0.001084","0.000032","0.000407","0.000407","0.000010",
"380","0.001069","0.001069","0.000013","0.000406","0.000406","0.000010",
"381","0.001066","0.001066","0.000017","0.000403","0.000403","0.000015",
"382","0.001097","0.001097","0.000045","0.000412","0.000412","0.000010",
"383","0.001092","0.001092","0.000016","0.000405","0.000405","0.000021",
"384","0.001072","0.001072","0.000013","0.000394","0.000394","0.000010",
"385","0.001065","0.001065","0.000031","0.000388","0.000388","0.000010",
"386","0.001015","0.001015","0.000025","0.000373","0.000373","0.000016",
"387","0.000967","0.000967","0.000039","0.000360","0.000360","0.000010",
"388","0.000956","0.000956","0.000010","0.000352","0.000352","0.000010",
"389","0.000938","0.000938","0.000010","0.000353","0.000353","0.000010",
"390","0.000915","0.000915","0.000042","0.000341","0.000341","0.000011",
"391","0.000874","0.000874","0.000023","0.000326","0.000326","0.000015",
"392","0.000906","0.000906","0.000024","0.000335","0.000335","0.000010",
"393","0.000901","0.000901","0.000020","0.000335","0.000335","0.000010",
"394","0.000891","0.000891","0.000021","0.000331","0.000331","0.000014",
"395","0.000848","0.000848","0.000043","0.000325","0.000325","0.000010",
"396","0.000842","0.000842","0.000010","0.000313","0.000313","0.000015",
"397","0.000846","0.000846","0.000010","0.000316","0.000316","0.000010",
"398","0.000856","0.000856","0.000036","0.000319","0.000319","0.000010",
"399","0.000897","0.000897","0.000025","0.000333","0.000333","0.000019",
"400","0.000936","0.000936","0.000033","0.000345","0.000345","0.000010",
"401","0.000958","0.000958","0.000010","0.000367","0.000367","0.000010",
"402","0.000893","0.000893","0.000013","0.000350","0.000350","0.000019",
"403","0.000940","0.000940","0.000043","0.000364","0.000364","0.000010",
"404","0.000935","0.000935","0.000018","0.000369","0.000369","0.000024",
"405","0.000921","0.000921","0.000016","0.000361","0.000361","0.000010",
"406","0.000927","0.000927","0.000026","0.000357","0.000357","0.000010",
"407","0.000925","0.000925","0.000023","0.000370","0.000370","0.000017",
"408","0.000902","0.000902","0.000039","0.000358","0.000358","0.000010",
"409","0.000888","0.000888","0.000010","0.000352","0.000352","0.000011",
"410","0.000908","0.000908","0.000010","0.000351","0.000351","0.000010",
"411","0.000913","0.000913","0.000038","0.000349","0.000349","0.000015",
"412","0.000920","0.000920","0.000023","0.000358","0.000358","0.000013",
"413","0.000925","0.000925","0.000027","0.000363","0.000363","0.000010",
"414","0.000880","0.000880","0.000015","0.000347","0.000347","0.000010",
"415","0.000869","0.000869","0.000017","0.000347","0.000347","0.000016",
"416","0.000858","0.000858","0.000042","0.000344","0.000344","0.000010",
"417","0.000887","0.000887","0.000013","0.000354","0.000354","0.000021",
"418","0.000870","0.000870","0.000010","0.000350","0.000350","0.000010",
"419","0.000870","0.000870","0.000031","0.000347","0.000347","0.000010",
"420","0.000850","0.000850","0.000024","0.000336","0.000336","0.000017",
"421","0.000880","0.000880","0.000035","0.000351","0.000351","0.000010",
"422","0.000897","0.000897","0.000010","0.000359","0.000359","0.000010",
"423","0.000893","0.000893","0.000010","0.000358","0.000358","0.000012",
"424","0.000939","0.000939","0.000040","0.000372","0.000372","0.000010",
"425","0.000940","0.000940","0.000020","0.000371","0.000371","0.000021",
"426","0.000961","0.000961","0.000020","0.000384","0.000384","0.000010",
"427","0.000942","0.000942","0.000021","0.000376","0.000376","0.000010",
"428","0.000908","0.000908","0.000020","0.000366","0.000366","0.000018",
"429","0.000916","0.000916","0.000039","0.000364","0.000364","0.000010",
"430","0.000915","0.000915","0.000010","0.000362","0.000362","0.000016",
"431","0.000934","0.000934","0.000010","0.000365","0.000365","0.000010",
"432","0.000975","0.000975","0.000034","0.000379","0.000379","0.000010",
"433","0.000986","0.000986","0.000023","0.000386","0.000386","0.000018",
"434","0.000949","0.000949","0.000029","0.000375","0.000375","0.000010",
"435","0.000979","0.000979","0.000010","0.000388","0.000388","0.000010",
"436","0.000974","0.000974","0.000014","0.000385","0.000385","0.000017",
"437","0.000999","0.000999","0.000040","0.000396","0.000396","0.000010",
"438","0.000999","0.000999","0.000015","0.000399","0.000399","0.000021",
"439","0.000986","0.000986","0.000013","0.000393","0.000393","0.000010",
"440","0.000960","0.000960","0.000026","0.000383","0.000383","0.000010",
"441","0.000954","0.000954","0.000022","0.000379","0.000379","0.000015",
"442","0.000949","0.000949","0.000035","0.000380","0.000380","0.000010",
"443","0.000950","0.000950","0.000010","0.000380","0.000380","0.000010",
"444","0.000938","0.000938","0.000010","0.000381","0.000381","0.000010",
"445","0.000884","0.000884","0.000037","0.000367","0.000367","0.000010",
"446","0.000924","0.000924","0.000020","0.000382","0.000382","0.000014",
"447","0.000940","0.000940","0.000022","0.000391","0.000391","0.000010",
"448","0.000940","0.000940","0.000016","0.000392","0.000392","0.000010",
"449","0.000977","0.000977","0.000017","0.000405","0.000405","0.000014",
"450","0.000955","0.000955","0.000038","0.000397","0.000397","0.000010",
"451","0.000953","0.000953","0.000010","0.000399","0.000399","0.000016",
"452","0.000941","0.000941","0.000010","0.000390","0.000390","0.000010",
"453","0.000966","0.000966","0.000030","0.000387","0.000387","0.000010",
"454","0.000943","0.000943","0.000022","0.000380","0.000380","0.000017",
"455","0.000960","0.000960","0.000030","0.000381","0.000381","0.000010",
"456","0.000970","0.000970","0.000010","0.000383","0.000383","0.000010",
"457","0.000951","0.000951","0.000010","0.000374","0.000374","0.000015",
"458","0.000957","0.000957","0.000037","0.000375","0.000375","0.000010",
"459","0.000960","0.000960","0.000017","0.000378","0.000378","0.000020",
"460","0.000965","0.000965","0.000016","0.000384","0.000384","0.000010",
"461","0.000993","0.000993","0.000022","0.000397","0.000397","0.000010",
"462","0.000997","0.000997","0.000020","0.000400","0.000400","0.000016",
"463","0.001027","0.001027","0.000035","0.000410","0.000410","0.000010",
"464","0.001017","0.001017","0.000010","0.000402","0.000402","0.000012",
"465","0.001027","0.001027","0.000010","0.000403","0.000403","0.000010",
"466","0.001063","0.001063","0.000033","0.000417","0.000417","0.000012",
"467","0.001056","0.001056","0.000021","0.000417","0.000417","0.000013",
"468","0.001044","0.001044","0.000025","0.000413","0.000413","0.000010",
"469","0.001036","0.001036","0.000012","0.000404","0.000404","0.000010",
"470","0.001060","0.001060","0.000014","0.000412","0.000412","0.000014",
"471","0.001068","0.001068","0.000037","0.000417","0.000417","0.000010",
"472","0.001087","0.001087","0.000013","0.000418","0.000418","0.000019",
"473","0.001114","0.001114","0.000010","0.000426","0.000426","0.000010",
"474","0.001102","0.001102","0.000026","0.000425","0.000425","0.000010",
"475","0.001093","0.001093","0.000021","0.000417","0.000417","0.000016",
"476","0.001067","0.001067","0.000031","0.000408","0.000408","0.000010",
"477","0.001076","0.001076","0.000010","0.000408","0.000408","0.000010",
"478","0.001070","0.001070","0.000010","0.000406","0.000406","0.000010",
"479","0.001091","0.001091","0.000035","0.000412","0.000412","0.000010",
"480","0.001040","0.001040","0.000018","0.000393","0.000393","0.000017",
"481","0.001036","0.001036","0.000019","0.000395","0.000395","0.000010",
"482","0.001013","0.001013","0.000017","0.000393","0.000393","0.000010",
"483","0.001026","0.001026","0.000017","0.000400","0.000400","0.000015",
"484","0.001053","0.001053","0.000035","0.000408","0.000408","0.000010",
"485","0.001054","0.001054","0.000010","0.000411","0.000411","0.000014",
"486","0.001066","0.001066","0.000010","0.000412","0.000412","0.000010",
"487","0.001074","0.001074","0.000030","0.000421","0.000421","0.000010",
"488","0.001123","0.001123","0.000020","0.000437","0.000437","0.000016",
"489","0.001156","0.001156","0.000027","0.000437","0.000437","0.000010",
"490","0.001154","0.001154","0.000010","0.000436","0.000436","0.000010",
"491","0.001203","0.001203","0.000011","0.000453","0.000453","0.000016",
"492","0.001190","0.001190","0.000035","0.000450","0.000450","0.000010",
"493","0.001217","0.001217","0.000015","0.000454","0.000454","0.000021",
"494","0.001196","0.001196","0.000013","0.000449","0.000449","0.000010",
"495","0.001225","0.001225","0.000022","0.000462","0.000462","0.000010",
"496","0.001244","0.001244","0.000019","0.000463","0.000463","0.000014",
"497","0.001258","0.001258","0.000032","0.000473","0.000473","0.000010",
"498","0.001225","0.001225","0.000010","0.000460","0.000460","0.000010",
"499","0.001237","0.001237","0.000010","0.000466","0.000466","0.000010",
"500","0.001228","0.001228","0.000032","0.000459","0.000459","0.000011",
"501","0.001254","0.001254","0.000019","0.000468","0.000468","0.000011",
"502","0.001237","0.001237","0.000021","0.000459","0.000459","0.000010",
"503","0.001222","0.001222","0.000013","0.000453","0.000453","0.000010",
"504","0.001232","0.001232","0.000015","0.000460","0.000460","0.000012",
"505","0.001165","0.001165","0.000034","0.000433","0.000433","0.000010",
"506","0.001144","0.001144","0.000010","0.000426","0.000426","0.000017",
"507","0.001182","0.001182","0.000010","0.000443","0.000443","0.000010",
"508","0.001202","0.001202","0.000026","0.000454","0.000454","0.000010",
"509","0.001220","0.001220","0.000019","0.000463","0.000463","0.000014",
"510","0.001185","0.001185","0.000028","0.000447","0.000447","0.000010",
"511","0.001186","0.001186","0.000010","0.000455","0.000455","0.000010",
"512","0.001170","0.001170","0.000010","0.000453","0.000453","0.000011",
"513","0.001162","0.001162","0.000033","0.000451","0.000451","0.000010",
"514","0.001183","0.001183","0.000016","0.000463","0.000463","0.000017",
"515","0.001158","0.001158","0.000015","0.000442","0.000442","0.000010",
"516","0.001166","0.001166","0.000018","0.000440","0.000440","0.000010",
"517","0.001164","0.001164","0.000017","0.000436","0.000436","0.000015",
"518","0.001206","0.001206","0.000032","0.000450","0.000450","0.000010",
"519","0.001193","0.001193","0.000010","0.000444","0.000444","0.000012",
"520","0.001160","0.001160","0.000010","0.000432","0.000432","0.000010",
"521","0.001170","0.001170","0.000029","0.000434","0.000434","0.000010",
"522","0.001169","0.001169","0.000019","0.000437","0.000437","0.000013",
"523","0.001163","0.001163","0.000023","0.000435","0.000435","0.000010",
"524","0.001163","0.001163","0.000010","0.000433","0.000433","0.000010",
"525","0.001172","0.001172","0.000012","0.000436","0.000436","0.000012",
"526","0.001166","0.001166","0.000033","0.000433","0.000433","0.000010",
"527","0.001128","0.001128","0.000012","0.000422","0.000422","0.000016",
"528","0.001133","0.001133","0.000010","0.000422","0.000422","0.000010",
"529","0.001131","0.001131","0.000022","0.000423","0.000423","0.000010",
"530","0.001149","0.001149","0.000018","0.000433","0.000433","0.000012",
"531","0.001146","0.001146","0.000029","0.000433","0.000433","0.000010",
"532","0.001122","0.001122","0.000010","0.000422","0.000422","0.000010",
"533","0.001106","0.001106","0.000010","0.000416","0.000416","0.000010",
"534","0.001129","0.001129","0.000031","0.000424","0.000424","0.000010",
"535","0.001129","0.001129","0.000017","0.000423","0.000423","0.000011",
"536","0.001150","0.001150","0.000018","0.000433","0.000433","0.000010",
"537","0.001146","0.001146","0.000014","0.000432","0.000432","0.000010",
"538","0.001129","0.001129","0.000015","0.000428","0.000428","0.000011",
"539","0.001136","0.001136","0.000032","0.000432","0.000432","0.000010",
"540","0.001108","0.001108","0.000010","0.000426","0.000426","0.000012",
"541","0.001109","0.001109","0.000010","0.000425","0.000425","0.000010",
"542","0.001098","0.001098","0.000026","0.000425","0.000425","0.000010",
"543","0.001073","0.001073","0.000018","0.000417","0.000417","0.000013",
"544","0.001089","0.001089","0.000025","0.000425","0.000425","0.000010",
"545","0.001074","0.001074","0.000010","0.000414","0.000414","0.000010",
"546","0.001054","0.001054","0.000010","0.000412","0.000412","0.000013",
"547","0.001052","0.001052","0.000031","0.000410","0.000410","0.000010",
"548","0.001057","0.001057","0.000014","0.000412","0.000412","0.000016",
"549","0.001048","0.001048","0.000013","0.000402","0.000402","0.000010",
"550","0.001041","0.001041","0.000019","0.000404","0.000404","0.000010",
"551","0.001014","0.001014","0.000017","0.000398","0.000398","0.000012",
"552","0.001049","0.001049","0.000029","0.000410","0.000410","0.000010",
"553","0.001040","0.001040","0.000010","0.000406","0.000406","0.000010",
"554","0.001065","0.001065","0.000010","0.000414","0.000414","0.000010",
"555","0.001025","0.001025","0.000028","0.000400","0.000400","0.000011",
"556","0.001033","0.001033","0.000017","0.000400","0.000400","0.000010",
"557","0.001018","0.001018","0.000020","0.000396","0.000396","0.000010",
"558","0.000979","0.000979","0.000010","0.000379","0.000379","0.000010",
"559","0.000990","0.000990","0.000012","0.000380","0.000380","0.000011",
"560","0.000987","0.000987","0.000031","0.000380","0.000380","0.000010",
"561","0.000962","0.000962","0.000010","0.000375","0.000375","0.000015",
"562","0.000968","0.000968","0.000010","0.000379","0.000379","0.000010",
"563","0.000956","0.000956","0.000023","0.000373","0.000373","0.000010",
"564","0.000909","0.000909","0.000017","0.000361","0.000361","0.000012",
"565","0.000916","0.000916","0.000026","0.000368","0.000368","0.000010",
"566","0.000910","0.000910","0.000010","0.000363","0.000363","0.000010",
"567","0.000920","0.000920","0.000010","0.000370","0.000370","0.000010",
"568","0.000916","0.000916","0.000030","0.000364","0.000364","0.000010",
"569","0.000959","0.000959","0.000015","0.000378","0.000378","0.000015",
"570","0.000959","0.000959","0.000015","0.000375","0.000375","0.000010",
"571","0.000983","0.000983","0.000015","0.000380","0.000380","0.000010",
"572","0.000965","0.000965","0.000015","0.000371","0.000371","0.000013",
"573","0.000957","0.000957","0.000029","0.000369","0.000369","0.000010",
"574","0.000947","0.000947","0.000010","0.000366","0.000366","0.000012",
"575","0.000943","0.000943","0.000010","0.000369","0.000369","0.000010",
"576","0.000948","0.000948","0.000026","0.000370","0.000370","0.000010",
"577","0.000932","0.000932","0.000017","0.000367","0.000367","0.000013",
"578","0.000945","0.000945","0.000022","0.000373","0.000373","0.000010",
"579","0.000910","0.000910","0.000010","0.000362","0.000362","0.000010",
"580","0.000899","0.000899","0.000010","0.000366","0.000366","0.000012",
"581","0.000889","0.000889","0.000030","0.000357","0.000357","0.000010",
"582","0.000868","0.000868","0.000012","0.000349","0.000349","0.000016",
"583","0.000899","0.000899","0.000010","0.000361","0.000361","0.000010",
"584","0.000909","0.000909","0.000019","0.000366","0.000366","0.000010",
"585","0.000889","0.000889","0.000016","0.000356","0.000356","0.000011",
"586","0.000909","0.000909","0.000027","0.000366","0.000366","0.000010",
"587","0.000920","0.000920","0.000010","0.000373","0.000373","0.000010",
"588","0.000939","0.000939","0.000010","0.000378","0.000378","0.000010",
"589","0.000931","0.000931","0.000028","0.000371","0.000371","0.000010",
"590","0.000898","0.000898","0.000016","0.000362","0.000362","0.000010",
"591","0.000922","0.000922","0.000017","0.000368","0.000368","0.000010",
"592","0.000891","0.000891","0.000012","0.000356","0.000356","0.000010",
"593","0.000901","0.000901","0.000013","0.000359","0.000359","0.000010",
"594","0.000899","0.000899","0.000029","0.000357","0.000357","0.000010",
"595","0.000896","0.000896","0.000010","0.000357","0.000357","0.000012",
"596","0.000898","0.000898","0.000010","0.000359","0.000359","0.000010",
"597","0.000897","0.000897","0.000023","0.000354","0.000354","0.000010",
"598","0.000871","0.000871","0.000017","0.000344","0.000344","0.000011",
"599","0.000921","0.000921","0.000023","0.000365","0.000365","0.000010",
"600","0.000911","0.000911","0.000010","0.000363","0.000363","0.000010",
"601","0.000917","0.000917","0.000010","0.000363","0.000363","0.000010",
"602","0.000916","0.000916","0.000028","0.000362","0.000362","0.000010",
"603","0.000931","0.000931","0.000013","0.000367","0.000367","0.000014",
"604","0.000929","0.000929","0.000013","0.000371","0.000371","0.000010",
"605","0.000895","0.000895","0.000016","0.000350","0.000350","0.000010",
"606","0.000889","0.000889","0.000015","0.000351","0.000351","0.000011",
"607","0.000916","0.000916","0.000027","0.000357","0.000357","0.000010",
"608","0.000938","0.000938","0.000010","0.000363","0.000363","0.000010",
"609","0.000938","0.000938","0.000010","0.000361","0.000361","0.000010",
"610","0.000962","0.000962","0.000025","0.000369","0.000369","0.000010",
"611","0.000943","0.000943","0.000016","0.000362","0.000362","0.000010",
"612","0.000952","0.000952","0.000019","0.000360","0.000360","0.000010",
"613","0.000956","0.000956","0.000010","0.000362","0.000362","0.000010",
"614","0.000976","0.000976","0.000011","0.000371","0.000371","0.000010",
"615","0.000955","0.000955","0.000028","0.000366","0.000366","0.000010",
"616","0.000919","0.000919","0.000010","0.000345","0.000345","0.000013",
"617","0.000918","0.000918","0.000010","0.000346","0.000346","0.000010",
"618","0.000905","0.000905","0.000020","0.000342","0.000342","0.000010",
"619","0.000898","0.000898","0.000016","0.000342","0.000342","0.000010",
"620","0.000902","0.000902","0.000024","0.000347","0.000347","0.000010",
"621","0.000860","0.000860","0.000010","0.000331","0.000331","0.000010",
"622","0.000853","0.000853","0.000010","0.000326","0.000326","0.000010",
"623","0.000856","0.000856","0.000027","0.000327","0.000327","0.000010",
"624","0.000841","0.000841","0.000014","0.000323","0.000323","0.000011",
"625","0.000816","0.000816","0.000015","0.000316","0.000316","0.000010",
"626","0.000815","0.000815","0.000013","0.000316","0.000316","0.000010",
"627","0.000826","0.000826","0.000013","0.000317","0.000317","0.000010",
"628","0.000825","0.000825","0.000027","0.000317","0.000317","0.000010",
"629","0.000833","0.000833","0.000010","0.000319","0.000319","0.000010",
"630","0.000821","0.000821","0.000010","0.000314","0.000314","0.000010",
"631","0.000805","0.000805","0.000023","0.000308","0.000308","0.000010",
"632","0.000815","0.000815","0.000016","0.000308","0.000308","0.000013",
"633","0.000821","0.000821","0.000021","0.000305","0.000305","0.000010",
"634","0.000856","0.000856","0.000010","0.000316","0.000316","0.000010",
"635","0.000859","0.000859","0.000010","0.000319","0.000319","0.000013",
"636","0.000853","0.000853","0.000027","0.000316","0.000316","0.000010",
"637","0.000830","0.000830","0.000012","0.000306","0.000306","0.000016",
"638","0.000819","0.000819","0.000010","0.000309","0.000309","0.000010",
"639","0.000794","0.000794","0.000017","0.000299","0.000299","0.000010",
"640","0.000780","0.000780","0.000015","0.000300","0.000300","0.000011",
"641","0.000757","0.000757","0.000025","0.000292","0.000292","0.000010",
"642","0.000771","0.000771","0.000010","0.000296","0.000296","0.000010",
"643","0.000746","0.000746","0.000010","0.000285","0.000285","0.000010",
"644","0.000736","0.000736","0.000025","0.000283","0.000283","0.000010",
"645","0.000734","0.000734","0.000015","0.000286","0.000286","0.000010",
"646","0.000723","0.000723","0.000017","0.000282","0.000282","0.000010",
"647","0.000696","0.000696","0.000010","0.000271","0.000271","0.000010",
"648","0.000689","0.000689","0.000011","0.000269","0.000269","0.000010",
"649","0.000694","0.000694","0.000027","0.000279","0.000279","0.000010",
"650","0.000673","0.000673","0.000010","0.000271","0.000271","0.000013",
"651","0.000684","0.000684","0.000010","0.000274","0.000274","0.000010",
"652","0.000659","0.000659","0.000020","0.000267","0.000267","0.000010",
"653","0.000658","0.000658","0.000015","0.000265","0.000265","0.000011",
"654","0.000645","0.000645","0.000022","0.000261","0.000261","0.000010",
"655","0.000657","0.000657","0.000010","0.000263","0.000263","0.000010",
"656","0.000655","0.000655","0.000010","0.000255","0.000255","0.000010",
"657","0.000693","0.000693","0.000026","0.000268","0.000268","0.000010",
"658","0.000706","0.000706","0.000013","0.000276","0.000276","0.000013",
"659","0.000696","0.000696","0.000012","0.000273","0.000273","0.000010",
"660","0.000669","0.000669","0.000014","0.000259","0.000259","0.000010",
"661","0.000657","0.000657","0.000013","0.000252","0.000252","0.000012",
"662","0.000653","0.000653","0.000025","0.000251","0.000251","0.000010",
"663","0.000650","0.000650","0.000010","0.000251","0.000251","0.000010",
"664","0.000652","0.000652","0.000010","0.000257","0.000257","0.000010",
"665","0.000666","0.000666","0.000023","0.000254","0.000254","0.000010",
"666","0.000664","0.000664","0.000015","0.000254","0.000254","0.000011",
"667","0.000662","0.000662","0.000019","0.000247","0.000247","0.000010",
"668","0.000669","0.000669","0.000010","0.000250","0.000250","0.000010",
"669","0.000659","0.000659","0.000010","0.000247","0.000247","0.000010",
"670","0.000652","0.000652","0.000026","0.000243","0.000243","0.000010",
"671","0.000675","0.000675","0.000010","0.000254","0.000254","0.000013",
"672","0.000672","0.000672","0.000010","0.000256","0.000256","0.000010",
"673","0.000642","0.000642","0.000017","0.000245","0.000245","0.000010",
"674","0.000660","0.000660","0.000014","0.000247","0.000247","0.000010",
"675","0.000654","0.000654","0.000023","0.000246","0.000246","0.000010",
"676","0.000654","0.000654","0.000010","0.000243","0.000243","0.000010",
"677","0.000675","0.000675","0.000010","0.000248","0.000248","0.000010",
"678","0.000692","0.000692","0.000024","0.000257","0.000257","0.000010",
"679","0.000722","0.000722","0.000013","0.000266","0.000266","0.000010",
"680","0.000743","0.000743","0.000015","0.000265","0.000265","0.000010",
"681","0.000738","0.000738","0.000011","0.000263","0.000263","0.000010",
"682","0.000731","0.000731","0.000012","0.000257","0.000257","0.000010",
"683","0.000717","0.000717","0.000025","0.000258","0.000258","0.000010",
"684","0.000680","0.000680","0.000010","0.000237","0.000237","0.000010",
"685","0.000667","0.000667","0.000010","0.000230","0.000230","0.000010",
"686","0.000671","0.000671","0.000020","0.000232","0.000232","0.000010",
"687","0.000663","0.000663","0.000014","0.000232","0.000232","0.000010",
"688","0.000652","0.000652","0.000020","0.000230","0.000230","0.000010",
"689","0.000647","0.000647","0.000010","0.000233","0.000233","0.000010",
"690","0.000653","0.000653","0.000010","0.000233","0.000233","0.000010",
"691","0.000646","0.000646","0.000025","0.000233","0.000233","0.000010",
"692","0.000643","0.000643","0.000011","0.000229","0.000229","0.000013",
"693","0.000654","0.000654","0.000010","0.000233","0.000233","0.000010",
"694","0.000649","0.000649","0.000015","0.000234","0.000234","0.000010",
"695","0.000647","0.000647","0.000013","0.000229","0.000229","0.000010",
"696","0.000643","0.000643","0.000023","0.000232","0.000232","0.000010",
"697","0.000630","0.000630","0.000010","0.000230","0.000230","0.000010",
"698","0.000663","0.000663","0.000010","0.000238","0.000238","0.000010",
"699","0.000664","0.000664","0.000022","0.000241","0.000241","0.000010",
"700","0.000661","0.000661","0.000014","0.000237","0.000237","0.000010",
"701","0.000666","0.000666","0.000016","0.000246","0.000246","0.000010",
"702","0.000675","0.000675","0.000010","0.000248","0.000248","0.000010",
"703","0.000665","0.000665","0.000010","0.000246","0.000246","0.000010",
"704","0.000697","0.000697","0.000025","0.000256","0.000256","0.000010",
"705","0.000702","0.000702","0.000010","0.000264","0.000264","0.000013",
"706","0.000682","0.000682","0.000010","0.000259","0.000259","0.000010",
"707","0.000664","0.000664","0.000018","0.000251","0.000251","0.000010",
"708","0.000663","0.000663","0.000014","0.000249","0.000249","0.000010",
"709","0.000661","0.000661","0.000021","0.000244","0.000244","0.000010",
"710","0.000679","0.000679","0.000010","0.000250","0.000250","0.000010",
"711","0.000686","0.000686","0.000010","0.000250","0.000250","0.000010",
"712","0.000698","0.000698","0.000024","0.000254","0.000254","0.000010",
"713","0.000709","0.000709","0.000012","0.000253","0.000253","0.000012",
"714","0.000719","0.000719","0.000012","0.000260","0.000260","0.000010",
"715","0.000708","0.000708","0.000012","0.000259","0.000259","0.000010",
"716","0.000738","0.000738","0.000012","0.000272","0.000272","0.000010",
"717","0.000698","0.000698","0.000024","0.000257","0.000257","0.000010",
"718","0.000687","0.000687","0.000010","0.000252","0.000252","0.000010",
"719","0.000663","0.000663","0.000010","0.000241","0.000241","0.000010",
"720","0.000662","0.000662","0.000020","0.000241","0.000241","0.000010",
"721","0.000681","0.000681","0.000014","0.000245","0.000245","0.000011",
"722","0.000694","0.000694","0.000018","0.000252","0.000252","0.000010",
"723","0.000676","0.000676","0.000010","0.000252","0.000252","0.000010",
"724","0.000707","0.000707","0.000010","0.000264","0.000264","0.000011",
"725","0.000719","0.000719","0.000024","0.000271","0.000271","0.000010",
"726","0.000728","0.000728","0.000010","0.000277","0.000277","0.000014",
"727","0.000751","0.000751","0.000010","0.000284","0.000284","0.000010",
"728","0.000763","0.000763","0.000015","0.000295","0.000295","0.000010",
"729","0.000736","0.000736","0.000013","0.000284","0.000284","0.000010",
"730","0.000749","0.000749","0.000022","0.000288","0.000288","0.000010",
"731","0.000731","0.000731","0.000010","0.000280","0.000280","0.000010",
"732","0.000745","0.000745","0.000010","0.000288","0.000288","0.000010",
"733","0.000761","0.000761","0.000022","0.000296","0.000296","0.000010",
"734","0.000761","0.000761","0.000013","0.000296","0.000296","0.000010",
"735","0.000758","0.000758","0.000014","0.000289","0.000289","0.000010",
"736","0.000770","0.000770","0.000010","0.000291","0.000291","0.000010",
"737","0.000769","0.000769","0.000010","0.000293","0.000293","0.000010",
"738","0.000777","0.000777","0.000023","0.000299","0.000299","0.000010",
"739","0.000783","0.000783","0.000010","0.000302","0.000302","0.000011",
"740","0.000783","0.000783","0.000010","0.000302","0.000302","0.000010",
"741","0.000802","0.000802","0.000018","0.000307","0.000307","0.000010",
"742","0.000804","0.000804","0.000013","0.000307","0.000307","0.000010",
"743","0.000819","0.000819","0.000019","0.000312","0.000312","0.000010",
"744","0.000831","0.000831","0.000010","0.000319","0.000319","0.000010",
"745","0.000832","0.000832","0.000010","0.000315","0.000315","0.000010",
"746","0.000831","0.000831","0.000023","0.000313","0.000313","0.000010",
"747","0.000835","0.000835","0.000011","0.000316","0.000316","0.000012",
"748","0.000843","0.000843","0.000010","0.000319","0.000319","0.000010",
"749","0.000839","0.000839","0.000013","0.000318","0.000318","0.000010",
"750","0.000833","0.000833","0.000012","0.000316","0.000316","0.000010",
"751","0.000836","0.000836","0.000022","0.000317","0.000317","0.000010",
"752","0.000821","0.000821","0.000010","0.000313","0.000313","0.000010",
"753","0.000785","0.000785","0.000010","0.000299","0.000299","0.000010",
"754","0.000784","0.000784","0.000020","0.000296","0.000296","0.000010",
"755","0.000780","0.000780","0.000013","0.000294","0.000294","0.000010",
"756","0.000787","0.000787","0.000016","0.000300","0.000300","0.000010",
"757","0.000783","0.000783","0.000010","0.000298","0.000298","0.000010",
"758","0.000784","0.000784","0.000010","0.000295","0.000295","0.000010",
"759","0.000768","0.000768","0.000023","0.000291","0.000291","0.000010",
"760","0.000757","0.000757","0.000010","0.000288","0.000288","0.000011",
"761","0.000761","0.000761","0.000010","0.000288","0.000288","0.000010",
"762","0.000747","0.000747","0.000016","0.000284","0.000284","0.000010",
"763","0.000735","0.000735","0.000013","0.000283","0.000283","0.000010",
"764","0.000754","0.000754","0.000020","0.000293","0.000293","0.000010",
"765","0.000752","0.000752","0.000010","0.000292","0.000292","0.000010",
"766","0.000744","0.000744","0.000010","0.000292","0.000292","0.000010",
"767","0.000752","0.000752","0.000022","0.000298","0.000298","0.000010",
"768","0.000754","0.000754","0.000012","0.000300","0.000300","0.000010",
"769","0.000760","0.000760","0.000012","0.000300","0.000300","0.000010",
"770","0.000752","0.000752","0.000010","0.000299","0.000299","0.000010",
"771","0.000751","0.000751","0.000010","0.000302","0.000302","0.000010",
"772","0.000742","0.000742","0.000022","0.000300","0.000300","0.000010",
"773","0.000750","0.000750","0.000010","0.000300","0.000300","0.000010",
"774","0.000740","0.000740","0.000010","0.000292","0.000292","0.000010",
"775","0.000730","0.000730","0.000018","0.000282","0.000282","0.000010",
"776","0.000723","0.000723","0.000013","0.000285","0.000285","0.000010",
"777","0.000723","0.000723","0.000017","0.000286","0.000286","0.000010",
"778","0.000735","0.000735","0.000010","0.000292","0.000292","0.000010",
"779","0.000737","0.000737","0.000010","0.000293","0.000293","0.000010",
"780","0.000743","0.000743","0.000022","0.000297","0.000297","0.000010",
"781","0.000769","0.000769","0.000010","0.000308","0.000308","0.000012",
"782","0.000771","0.000771","0.000010","0.000308","0.000308","0.000010",
"783","0.000793","0.000793","0.000013","0.000317","0.000317","0.000010",
"784","0.000776","0.000776","0.000012","0.000308","0.000308","0.000010",
"785","0.000783","0.000783","0.000021","0.000311","0.000311","0.000010",
"786","0.000770","0.000770","0.000010","0.000308","0.000308","0.000010",
"787","0.000762","0.000762","0.000010","0.000306","0.000306","0.000010",
"788","0.000742","0.000742","0.000020","0.000294","0.000294","0.000010",
"789","0.000752","0.000752","0.000012","0.000301","0.000301","0.000010",
"790","0.000743","0.000743","0.000014","0.000299","0.000299","0.000010",
"791","0.000751","0.000751","0.000010","0.000302","0.000302","0.000010",
"792","0.000736","0.000736","0.000010","0.000299","0.000299","0.000010",
"793","0.000749","0.000749","0.000022","0.000303","0.000303","0.000010",
"794","0.000732","0.000732","0.000010","0.000293","0.000293","0.000011",
"795","0.000717","0.000717","0.000010","0.000290","0.000290","0.000010",
"796","0.000711","0.000711","0.000016","0.000287","0.000287","0.000010",
"797","0.000698","0.000698","0.000012","0.000288","0.000288","0.000010",
"798","0.000687","0.000687","0.000018","0.000287","0.000287","0.000010",
"799","0.000681","0.000681","0.000010","0.000287","0.000287","0.000010",
"800","0.000666","0.000666","0.000010","0.000284","0.000284","0.000010",
"801","0.000663","0.000663","0.000021","0.000282","0.000282","0.000010",
"802","0.000677","0.000677","0.000011","0.000287","0.000287","0.000011",
"803","0.000658","0.000658","0.000011","0.000279","0.000279","0.000010",
"804","0.000664","0.000664","0.000011","0.000279","0.000279","0.000010",
"805","0.000698","0.000698","0.000011","0.000291","0.000291","0.000010",
"806","0.000705","0.000705","0.000021","0.000292","0.000292","0.000010",
"807","0.000721","0.000721","0.000010","0.000297","0.000297","0.000010",
"808","0.000732","0.000732","0.000010","0.000302","0.000302","0.000010",
"809","0.000733","0.000733","0.000018","0.000300","0.000300","0.000010",
"810","0.000708","0.000708","0.000012","0.000294","0.000294","0.000010",
"811","0.000698","0.000698","0.000016","0.000294","0.000294","0.000010",
"812","0.000695","0.000695","0.000010","0.000296","0.000296","0.000010",
"813","0.000709","0.000709","0.000010","0.000299","0.000299","0.000010",
"814","0.000694","0.000694","0.000021","0.000289","0.000289","0.000010",
"815","0.000709","0.000709","0.000010","0.000295","0.000295","0.000011",
"816","0.000716","0.000716","0.000010","0.000300","0.000300","0.000010",
"817","0.000732","0.000732","0.000014","0.000306","0.000306","0.000010",
"818","0.000718","0.000718","0.000012","0.000305","0.000305","0.000010",
"819","0.000741","0.000741","0.000019","0.000312","0.000312","0.000010",
"820","0.000726","0.000726","0.000010","0.000306","0.000306","0.000010",
"821","0.000751","0.000751","0.000010","0.000316","0.000316","0.000010",
"822","0.000758","0.000758","0.000020","0.000319","0.000319","0.000010",
"823","0.000759","0.000759","0.000011","0.000320","0.000320","0.000010",
"824","0.000741","0.000741","0.000012","0.000316","0.000316","0.000010",
"825","0.000730","0.000730","0.000010","0.000314","0.000314","0.000010",
"826","0.000718","0.000718","0.000010","0.000309","0.000309","0.000010",
"827","0.000702","0.000702","0.000021","0.000303","0.000303","0.000010",
"828","0.000671","0.000671","0.000010","0.000290","0.000290","0.000010",
"829","0.000671","0.000671","0.000010","0.000292","0.000292","0.000010",
"830","0.000671","0.000671","0.000016","0.000293","0.000293","0.000010",
"831","0.000665","0.000665","0.000012","0.000292","0.000292","0.000010",
"832","0.000651","0.000651","0.000017","0.000287","0.000287","0.000010",
"833","0.000655","0.000655","0.000010","0.000289","0.000289","0.000010",
"834","0.000662","0.000662","0.000010","0.000291","0.000291","0.000010",
"835","0.000633","0.000633","0.000021","0.000278","0.000278","0.000010",
"836","0.000628","0.000628","0.000010","0.000277","0.000277","0.000010",
"837","0.000612","0.000612","0.000010","0.000271","0.000271","0.000010",
"838","0.000623","0.000623","0.000012","0.000273","0.000273","0.000010",
"839","0.000638","0.000638","0.000011","0.000278","0.000278","0.000010",
"840","0.000623","0.000623","0.000020","0.000270","0.000270","0.000010",
"841","0.000623","0.000623","0.000010","0.000271","0.000271","0.000010",
"842","0.000637","0.000637","0.000010","0.000273","0.000273","0.000010",
"843","0.000636","0.000636","0.000018","0.000273","0.000273","0.000010",
"844","0.000634","0.000634","0.000011","0.000272","0.000272","0.000010",
"845","0.000647","0.000647","0.000014","0.000281","0.000281","0.000010",
"846","0.000642","0.000642","0.000010","0.000280","0.000280","0.000010",
"847","0.000636","0.000636","0.000010","0.000279","0.000279","0.000010",
"848","0.000627","0.000627","0.000020","0.000275","0.000275","0.000010",
"849","0.000629","0.000629","0.000010","0.000277","0.000277","0.000010",
"850","0.000642","0.000642","0.000010","0.000279","0.000279","0.000010",
"851","0.000632","0.000632","0.000014","0.000273","0.000273","0.000010",
"852","0.000636","0.000636","0.000012","0.000278","0.000278","0.000010",
"853","0.000647","0.000647","0.000018","0.000281","0.000281","0.000010",
"854","0.000637","0.000637","0.000010","0.000279","0.000279","0.000010",
"855","0.000604","0.000604","0.000010","0.000265","0.000265","0.000010",
"856","0.000617","0.000617","0.000019","0.000268","0.000268","0.000010",
"857","0.000625","0.000625","0.000010","0.000272","0.000272","0.000010",
"858","0.000616","0.000616","0.000011","0.000267","0.000267","0.000010",
"859","0.000636","0.000636","0.000010","0.000274","0.000274","0.000010",
"860","0.000647","0.000647","0.000010","0.000278","0.000278","0.000010",
"861","0.000645","0.000645","0.000020","0.000276","0.000276","0.000010",
"862","0.000647","0.000647","0.000010","0.000278","0.000278","0.000010",
"863","0.000644","0.000644","0.000010","0.000277","0.000277","0.000010",
"864","0.000634","0.000634","0.000017","0.000274","0.000274","0.000010",
"865","0.000637","0.000637","0.000011","0.000275","0.000275","0.000010",
"866","0.000629","0.000629","0.000015","0.000270","0.000270","0.000010",
"867","0.000620","0.000620","0.000010","0.000266","0.000266","0.000010",
"868","0.000628","0.000628","0.000010","0.000271","0.000271","0.000010",
"869","0.000634","0.000634","0.000020","0.000277","0.000277","0.000010",
"870","0.000635","0.000635","0.000010","0.000277","0.000277","0.000011",
"871","0.000621","0.000621","0.000010","0.000272","0.000272","0.000010",
"872","0.000629","0.000629","0.000012","0.000275","0.000275","0.000010",
"873","0.000633","0.000633","0.000011","0.000275","0.000275","0.000010",
"874","0.000646","0.000646","0.000018","0.000284","0.000284","0.000010",
"875","0.000652","0.000652","0.000010","0.000286","0.000286","0.000010",
"876","0.000661","0.000661","0.000010","0.000286","0.000286","0.000010",
"877","0.000660","0.000660","0.000018","0.000288","0.000288","0.000010",
"878","0.000651","0.000651","0.000011","0.000287","0.000287","0.000010",
"879","0.000637","0.000637","0.000012","0.000283","0.000283","0.000010",
"880","0.000657","0.000657","0.000010","0.000295","0.000295","0.000010",
"881","0.000665","0.000665","0.000010","0.000297","0.000297","0.000010",
"882","0.000669","0.000669","0.000020","0.000299","0.000299","0.000010",
"883","0.000661","0.000661","0.000010","0.000298","0.000298","0.000010",
"884","0.000666","0.000666","0.000010","0.000300","0.000300","0.000010",
"885","0.000663","0.000663","0.000015","0.000300","0.000300","0.000010",
"886","0.000651","0.000651","0.000011","0.000295","0.000295","0.000010",
"887","0.000647","0.000647","0.000016","0.000295","0.000295","0.000010",
"888","0.000619","0.000619","0.000010","0.000285","0.000285","0.000010",
"889","0.000628","0.000628","0.000010","0.000292","0.000292","0.000010",
"890","0.000630","0.000630","0.000019","0.000293","0.000293","0.000010",
"891","0.000638","0.000638","0.000010","0.000299","0.000299","0.000010",
"892","0.000628","0.000628","0.000010","0.000294","0.000294","0.000010",
"893","0.000608","0.000608","0.000010","0.000290","0.000290","0.000010",
"894","0.000604","0.000604","0.000010","0.000286","0.000286","0.000010",
"895","0.000620","0.000620","0.000019","0.000290","0.000290","0.000010",
"896","0.000638","0.000638","0.000010","0.000297","0.000297","0.000010",
"897","0.000625","0.000625","0.000010","0.000293","0.000293","0.000010",
"898","0.000645","0.000645","0.000017","0.000296","0.000296","0.000010",
"899","0.000644","0.000644","0.000011","0.000295","0.000295","0.000010",
"900","0.000664","0.000664","0.000014","0.000299","0.000299","0.000010",
"901","0.000666","0.000666","0.000010","0.000302","0.000302","0.000010",
"902","0.000677","0.000677","0.000010","0.000306","0.000306","0.000010",
"903","0.000674","0.000674","0.000019","0.000307","0.000307","0.000010",
"904","0.000695","0.000695","0.000010","0.000311","0.000311","0.000010",
"905","0.000683","0.000683","0.000010","0.000307","0.000307","0.000010",
"906","0.000683","0.000683","0.000013","0.000309","0.000309","0.000010",
"907","0.000674","0.000674","0.000011","0.000307","0.000307","0.000010",
"908","0.000678","0.000678","0.000017","0.000308","0.000308","0.000010",
"909","0.000666","0.000666","0.000010","0.000302","0.000302","0.000010",
"910","0.000650","0.000650","0.000010","0.000296","0.000296","0.000010",
"911","0.000637","0.000637","0.000018","0.000289","0.000289","0.000010",
"912","0.000640","0.000640","0.000010","0.000287","0.000287","0.000010",
"913","0.000644","0.000644","0.000011","0.000286","0.000286","0.000010",
"914","0.000633","0.000633","0.000010","0.000282","0.000282","0.000010",
"915","0.000646","0.000646","0.000010","0.000287","0.000287","0.000010",
"916","0.000619","0.000619","0.000019","0.000276","0.000276","0.000010",
"917","0.000609","0.000609","0.000010","0.000270","0.000270","0.000010",
"918","0.000623","0.000623","0.000010","0.000270","0.000270","0.000010",
"919","0.000627","0.000627","0.000015","0.000274","0.000274","0.000010",
"920","0.000623","0.000623","0.000011","0.000275","0.000275","0.000010",
"921","0.000611","0.000611","0.000015","0.000269","0.000269","0.000010",
"922","0.000601","0.000601","0.000010","0.000264","0.000264","0.000010",
"923","0.000595","0.000595","0.000010","0.000261","0.000261","0.000010",
"924","0.000592","0.000592","0.000019","0.000262","0.000262","0.000010",
"925","0.000576","0.000576","0.000010","0.000255","0.000255","0.000010",
"926","0.000589","0.000589","0.000010","0.000260","0.000260","0.000010",
"927","0.000582","0.000582","0.000011","0.000256","0.000256","0.000010",
"928","0.000583","0.000583","0.000010","0.000253","0.000253","0.000010",
"929","0.000596","0.000596","0.000017","0.000259","0.000259","0.000010",
"930","0.000602","0.000602","0.000010","0.000261","0.000261","0.000010",
"931","0.000593","0.000593","0.000010","0.000256","0.000256","0.000010",
"932","0.000594","0.000594","0.000017","0.000259","0.000259","0.000010",
"933","0.000607","0.000607","0.000010","0.000263","0.000263","0.000010",
"934","0.000611","0.000611","0.000012","0.000263","0.000263","0.000010",
"935","0.000621","0.000621","0.000010","0.000268","0.000268","0.000010",
"936","0.000608","0.000608","0.000010","0.000263","0.000263","0.000010",
"937","0.000621","0.000621","0.000019","0.000271","0.000271","0.000010",
"938","0.000607","0.000607","0.000010","0.000263","0.000263","0.000010",
"939","0.000618","0.000618","0.000010","0.000269","0.000269","0.000010",
"940","0.000618","0.000618","0.000013","0.000267","0.000267","0.000010",
"941","0.000618","0.000618","0.000010","0.000273","0.000273","0.000010",
"942","0.000621","0.000621","0.000016","0.000270","0.000270","0.000010",
"943","0.000620","0.000620","0.000010","0.000269","0.000269","0.000010",
"944","0.000610","0.000610","0.000010","0.000265","0.000265","0.000010",
"945","0.000584","0.000584","0.000018","0.000254","0.000254","0.000010",
"946","0.000578","0.000578","0.000010","0.000256","0.000256","0.000010",
"947","0.000602","0.000602","0.000010","0.000265","0.000265","0.000010",
"948","0.000596","0.000596","0.000010","0.000266","0.000266","0.000010",
"949","0.000608","0.000608","0.000010","0.000274","0.000274","0.000010",
"950","0.000625","0.000625","0.000018","0.000279","0.000279","0.000010",
"951","0.000648","0.000648","0.000010","0.000289","0.000289","0.000010",
"952","0.000651","0.000651","0.000010","0.000291","0.000291","0.000010",
"953","0.000651","0.000651","0.000015","0.000288","0.000288","0.000010",
"954","0.000654","0.000654","0.000010","0.000287","0.000287","0.000010",
"955","0.000654","0.000654","0.000013","0.000290","0.000290","0.000010",
"956","0.000662","0.000662","0.000010","0.000292","0.000292","0.000010",
"957","0.000666","0.000666","0.000010","0.000296","0.000296","0.000010",
"958","0.000653","0.000653","0.000018","0.000291","0.000291","0.000010",
"959","0.000635","0.000635","0.000010","0.000284","0.000284","0.000010",
"960","0.000644","0.000644","0.000010","0.000287","0.000287","0.000010",
"961","0.000644","0.000644","0.000012","0.000288","0.000288","0.000010",
"962","0.000635","0.000635","0.000010","0.000287","0.000287","0.000010",
"963","0.000622","0.000622","0.000016","0.000284","0.000284","0.000010",
"964","0.000623","0.000623","0.000010","0.000284","0.000284","0.000010",
"965","0.000625","0.000625","0.000010","0.000285","0.000285","0.000010",
"966","0.000598","0.000598","0.000017","0.000277","0.000277","0.000010",
"967","0.000602","0.000602","0.000010","0.000282","0.000282","0.000010",
"968","0.000595","0.000595","0.000011","0.000280","0.000280","0.000010",
"969","0.000593","0.000593","0.000010","0.000280","0.000280","0.000010",
"970","0.000592","0.000592","0.000010","0.000278","0.000278","0.000010",
"971","0.000597","0.000597","0.000018","0.000281","0.000281","0.000010",
"972","0.000597","0.000597","0.000010","0.000282","0.000282","0.000010",
"973","0.000591","0.000591","0.000010","0.000279","0.000279","0.000010",
"974","0.000586","0.000586","0.000014","0.000276","0.000276","0.000010",
"975","0.000572","0.000572","0.000010","0.000271","0.000271","0.000010",
"976","0.000561","0.000561","0.000014","0.000267","0.000267","0.000010",
"977","0.000569","0.000569","0.000010","0.000272","0.000272","0.000010",
"978","0.000586","0.000586","0.000010","0.000276","0.000276","0.000010",
"979","0.000586","0.000586","0.000017","0.000276","0.000276","0.000010",
"980","0.000589","0.000589","0.000010","0.000278","0.000278","0.000010",
"981","0.000595","0.000595","0.000010","0.000278","0.000278","0.000010",
"982","0.000598","0.000598","0.000010","0.000277","0.000277","0.000010",
"983","0.000589","0.000589","0.000010","0.000271","0.000271","0.000010",
"984","0.000593","0.000593","0.000017","0.000273","0.000273","0.000010",
"985","0.000595","0.000595","0.000010","0.000274","0.000274","0.000010",
"986","0.000622","0.000622","0.000010","0.000283","0.000283","0.000010",
"987","0.000627","0.000627","0.000016","0.000286","0.000286","0.000010",
"988","0.000629","0.000629","0.000010","0.000285","0.000285","0.000010",
"989","0.000622","0.000622","0.000012","0.000283","0.000283","0.000010",
"990","0.000617","0.000617","0.000010","0.000282","0.000282","0.000010",
"991","0.000617","0.000617","0.000010","0.000280","0.000280","0.000010",
"992","0.000629","0.000629","0.000018","0.000283","0.000283","0.000010",
"993","0.000643","0.000643","0.000010","0.000290","0.000290","0.000010",
"994","0.000642","0.000642","0.000010","0.000292","0.000292","0.000010",
"995","0.000645","0.000645","0.000012","0.000291","0.000291","0.000010",
"996","0.000655","0.000655","0.000010","0.000297","0.000297","0.000010",
"997","0.000648","0.000648","0.000015","0.000296","0.000296","0.000010",
"998","0.000656","0.000656","0.000010","0.000299","0.000299","0.000010",
"999","0.000663","0.000663","0.000010","0.000304","0.000304","0.000010",
