"index","mc","mismc"
"0","0.019716","0.055940",
"1","0.011619","0.056624",
"2","0.006328","0.055565",
"3","0.006751","0.055964",
"4","0.005496","0.056209",
"5","0.006488","0.056308",
"6","0.007730","0.056311",
"7","0.008147","0.056571",
"8","0.008816","0.056449",
"9","0.008047","0.056862",
"10","0.007663","0.056991",
"11","0.007682","0.057150",
"12","0.008327","0.057383",
"13","0.008139","0.057366",
"14","0.007765","0.057493",
"15","0.007508","0.057286",
"16","0.007865","0.057406",
"17","0.006334","0.057411",
"18","0.006215","0.057364",
"19","0.006172","0.057286",
"20","0.005565","0.057414",
"21","0.004926","0.057294",
"22","0.004612","0.057278",
"23","0.004135","0.057415",
"24","0.004564","0.057494",
"25","0.004539","0.057412",
"26","0.004211","0.057553",
"27","0.003655","0.057733",
"28","0.002852","0.057687",
"29","0.002875","0.057758",
"30","0.002811","0.057785",
"31","0.002848","0.057739",
"32","0.002364","0.057752",
"33","0.002416","0.057779",
"34","0.002151","0.057769",
"35","0.002275","0.057767",
"36","0.001748","0.057761",
"37","0.001386","0.057757",
"38","0.001325","0.057769",
"39","0.001102","0.057806",
"40","0.001200","0.057769",
"41","0.001537","0.057698",
"42","0.001619","0.057698",
"43","0.001322","0.057657",
"44","0.001041","0.057607",
"45","0.001169","0.057656",
"46","0.001543","0.057605",
"47","0.001476","0.057655",
"48","0.001302","0.057671",
"49","0.001314","0.057709",
"50","0.001255","0.057756",
"51","0.001250","0.057797",
"52","0.001313","0.057764",
"53","0.001195","0.057772",
"54","0.001137","0.057783",
"55","0.001138","0.057789",
"56","0.001167","0.057775",
"57","0.001323","0.057775",
"58","0.001369","0.057801",
"59","0.001546","0.057776",
"60","0.001246","0.057790",
"61","0.001451","0.057819",
"62","0.001673","0.057809",
"63","0.001759","0.057821",
"64","0.001745","0.057806",
"65","0.001888","0.057777",
"66","0.001760","0.057794",
"67","0.001914","0.057819",
"68","0.002125","0.057853",
"69","0.001973","0.057875",
"70","0.001836","0.057879",
"71","0.001501","0.057912",
"72","0.001481","0.057894",
"73","0.001430","0.057916",
"74","0.001587","0.057926",
"75","0.001541","0.057943",
"76","0.001724","0.057952",
"77","0.001657","0.057949",
"78","0.001805","0.057949",
"79","0.001544","0.057953",
"80","0.001407","0.057944",
"81","0.001409","0.057945",
"82","0.001278","0.057922",
"83","0.001132","0.057911",
"84","0.001126","0.057894",
"85","0.001338","0.057896",
"86","0.001119","0.057890",
"87","0.001086","0.057898",
"88","0.001004","0.057900",
"89","0.001019","0.057882",
"90","0.000830","0.057864",
"91","0.000850","0.057896",
"92","0.000846","0.057899",
"93","0.000943","0.057907",
"94","0.000856","0.057908",
"95","0.000770","0.057912",
"96","0.000862","0.057949",
"97","0.000919","0.057950",
"98","0.000754","0.057918",
"99","0.000852","0.057923",
"100","0.000669","0.057912",
"101","0.000721","0.057917",
"102","0.000748","0.057900",
"103","0.000855","0.057907",
"104","0.000979","0.057902",
"105","0.000829","0.057925",
"106","0.000836","0.057947",
"107","0.000804","0.057937",
"108","0.000823","0.057953",
"109","0.000812","0.057944",
"110","0.000857","0.057948",
"111","0.000873","0.057938",
"112","0.000976","0.057943",
"113","0.000980","0.057957",
"114","0.000952","0.057971",
"115","0.000969","0.057956",
"116","0.000982","0.057939",
"117","0.001012","0.057939",
"118","0.001053","0.057928",
"119","0.001058","0.057936",
"120","0.001267","0.057946",
"121","0.001406","0.057939",
"122","0.001388","0.057927",
"123","0.001429","0.057929",
"124","0.001331","0.057941",
"125","0.001368","0.057935",
"126","0.001432","0.057928",
"127","0.001309","0.057918",
"128","0.001200","0.057925",
"129","0.001261","0.057934",
"130","0.001226","0.057952",
"131","0.001281","0.057974",
"132","0.001309","0.057971",
"133","0.001287","0.057948",
"134","0.001182","0.057948",
"135","0.001242","0.057952",
"136","0.001172","0.057957",
"137","0.001206","0.057957",
"138","0.001131","0.057961",
"139","0.001083","0.057966",
"140","0.001062","0.057949",
"141","0.001027","0.057936",
"142","0.000868","0.057943",
"143","0.000808","0.057938",
"144","0.000796","0.057941",
"145","0.000774","0.057940",
"146","0.000748","0.057935",
"147","0.000785","0.057941",
"148","0.000794","0.057943",
"149","0.000802","0.057945",
"150","0.000823","0.057951",
"151","0.000784","0.057953",
"152","0.000752","0.057971",
"153","0.000716","0.057964",
"154","0.000697","0.057953",
"155","0.000566","0.057944",
"156","0.000611","0.057951",
"157","0.000639","0.057953",
"158","0.000578","0.057965",
"159","0.000564","0.057957",
"160","0.000509","0.057961",
"161","0.000546","0.057964",
"162","0.000521","0.057956",
"163","0.000509","0.057954",
"164","0.000459","0.057950",
"165","0.000443","0.057949",
"166","0.000386","0.057947",
"167","0.000348","0.057948",
"168","0.000448","0.057974",
"169","0.000346","0.057974",
"170","0.000340","0.057970",
"171","0.000319","0.057967",
"172","0.000295","0.057958",
"173","0.000236","0.057962",
"174","0.000200","0.057969",
"175","0.000171","0.057977",
"176","0.000221","0.057972",
"177","0.000269","0.057986",
"178","0.000337","0.057977",
"179","0.000339","0.057987",
"180","0.000307","0.057998",
"181","0.000316","0.058005",
"182","0.000309","0.058011",
"183","0.000253","0.058012",
"184","0.000199","0.058011",
"185","0.000146","0.058020",
"186","0.000165","0.058023",
"187","0.000167","0.058024",
"188","0.000236","0.058026",
"189","0.000245","0.058023",
"190","0.000230","0.058006",
"191","0.000158","0.058007",
"192","0.000154","0.058011",
"193","0.000170","0.058031",
"194","0.000235","0.058026",
"195","0.000223","0.058019",
"196","0.000319","0.058022",
"197","0.000366","0.058025",
"198","0.000267","0.058024",
"199","0.000257","0.058033",
"200","0.000325","0.058035",
"201","0.000364","0.058030",
"202","0.000371","0.058026",
"203","0.000320","0.058017",
"204","0.000293","0.058013",
"205","0.000236","0.058025",
"206","0.000239","0.058029",
"207","0.000196","0.058040",
"208","0.000145","0.058043",
"209","0.000188","0.058039",
"210","0.000109","0.058036",
"211","0.000108","0.058031",
"212","0.000133","0.058043",
"213","0.000127","0.058049",
"214","0.000074","0.058055",
"215","0.000054","0.058061",
"216","0.000104","0.058056",
"217","0.000101","0.058064",
"218","0.000078","0.058058",
"219","0.000067","0.058043",
"220","0.000024","0.058049",
"221","0.000020","0.058044",
"222","0.000050","0.058042",
"223","0.000022","0.058051",
"224","0.000011","0.058063",
"225","0.000010","0.058064",
"226","0.000049","0.058053",
"227","0.000086","0.058057",
"228","0.000129","0.058062",
"229","0.000164","0.058065",
"230","0.000116","0.058060",
"231","0.000085","0.058060",
"232","0.000086","0.058059",
"233","0.000115","0.058060",
"234","0.000132","0.058065",
"235","0.000111","0.058071",
"236","0.000152","0.058068",
"237","0.000132","0.058063",
"238","0.000133","0.058062",
"239","0.000143","0.058073",
"240","0.000183","0.058073",
"241","0.000190","0.058058",
"242","0.000184","0.058058",
"243","0.000101","0.058049",
"244","0.000092","0.058036",
"245","0.000088","0.058029",
"246","0.000075","0.058027",
"247","0.000059","0.058032",
"248","0.000010","0.058032",
"249","0.000010","0.058025",
"250","0.000033","0.058031",
"251","0.000088","0.058032",
"252","0.000047","0.058035",
"253","0.000025","0.058037",
"254","0.000010","0.058042",
"255","0.000010","0.058038",
"256","0.000010","0.058039",
"257","0.000015","0.058035",
"258","0.000010","0.058039",
"259","0.000016","0.058029",
"260","0.000010","0.058020",
"261","0.000040","0.058026",
"262","0.000088","0.058029",
"263","0.000063","0.058029",
"264","0.000043","0.058025",
"265","0.000057","0.058035",
"266","0.000032","0.058037",
"267","0.000038","0.058026",
"268","0.000044","0.058021",
"269","0.000025","0.058010",
"270","0.000010","0.058013",
"271","0.000025","0.058021",
"272","0.000014","0.058020",
"273","0.000010","0.058014",
"274","0.000033","0.058015",
"275","0.000051","0.058022",
"276","0.000046","0.058021",
"277","0.000054","0.058030",
"278","0.000010","0.058038",
"279","0.000041","0.058034",
"280","0.000018","0.058035",
"281","0.000010","0.058030",
"282","0.000033","0.058030",
"283","0.000025","0.058027",
"284","0.000010","0.058023",
"285","0.000025","0.058019",
"286","0.000055","0.058012",
"287","0.000104","0.058009",
"288","0.000034","0.058009",
"289","0.000010","0.058011",
"290","0.000041","0.058016",
"291","0.000047","0.058010",
"292","0.000038","0.058009",
"293","0.000039","0.058003",
"294","0.000035","0.058005",
"295","0.000010","0.058014",
"296","0.000010","0.058008",
"297","0.000010","0.058017",
"298","0.000016","0.058010",
"299","0.000042","0.058006",
"300","0.000055","0.058001",
"301","0.000059","0.058001",
"302","0.000021","0.058002",
"303","0.000017","0.058007",
"304","0.000010","0.058001",
"305","0.000010","0.058005",
"306","0.000026","0.058002",
"307","0.000010","0.058006",
"308","0.000035","0.058010",
"309","0.000028","0.058014",
"310","0.000038","0.058014",
"311","0.000041","0.058015",
"312","0.000055","0.058019",
"313","0.000024","0.058018",
"314","0.000026","0.058018",
"315","0.000052","0.058014",
"316","0.000010","0.058012",
"317","0.000018","0.058017",
"318","0.000053","0.058018",
"319","0.000051","0.058025",
"320","0.000071","0.058019",
"321","0.000054","0.058020",
"322","0.000066","0.058019",
"323","0.000036","0.058018",
"324","0.000017","0.058016",
"325","0.000032","0.058021",
"326","0.000058","0.058016",
"327","0.000039","0.058014",
"328","0.000075","0.058005",
"329","0.000091","0.058004",
"330","0.000087","0.058007",
"331","0.000090","0.058005",
"332","0.000138","0.058010",
"333","0.000106","0.058009",
"334","0.000083","0.058010",
"335","0.000111","0.058005",
"336","0.000110","0.058007",
"337","0.000123","0.058011",
"338","0.000123","0.058010",
"339","0.000145","0.058006",
"340","0.000120","0.058004",
"341","0.000109","0.057998",
"342","0.000112","0.057996",
"343","0.000096","0.057994",
"344","0.000016","0.057998",
"345","0.000026","0.058001",
"346","0.000010","0.057999",
"347","0.000010","0.058003",
"348","0.000013","0.058011",
"349","0.000032","0.058007",
"350","0.000014","0.058004",
"351","0.000049","0.058003",
"352","0.000068","0.058006",
"353","0.000066","0.058003",
"354","0.000040","0.057998",
"355","0.000040","0.057999",
"356","0.000013","0.057999",
"357","0.000010","0.058003",
"358","0.000010","0.057996",
"359","0.000032","0.057998",
"360","0.000023","0.057996",
"361","0.000017","0.057997",
"362","0.000059","0.057997",
"363","0.000061","0.058000",
"364","0.000068","0.058001",
"365","0.000050","0.058003",
"366","0.000094","0.058002",
"367","0.000122","0.058001",
"368","0.000151","0.058005",
"369","0.000192","0.058004",
"370","0.000216","0.058004",
"371","0.000216","0.058004",
"372","0.000187","0.058010",
"373","0.000216","0.058002",
"374","0.000196","0.058002",
"375","0.000175","0.058001",
"376","0.000174","0.058006",
"377","0.000207","0.058005",
"378","0.000229","0.057997",
"379","0.000232","0.058003",
"380","0.000204","0.058009",
"381","0.000193","0.058000",
"382","0.000221","0.057998",
"383","0.000226","0.058002",
"384","0.000236","0.057999",
"385","0.000208","0.058001",
"386","0.000203","0.058001",
"387","0.000152","0.057999",
"388","0.000126","0.058004",
"389","0.000125","0.058002",
"390","0.000107","0.058004",
"391","0.000074","0.058007",
"392","0.000071","0.058006",
"393","0.000046","0.058000",
"394","0.000047","0.058005",
"395","0.000018","0.057997",
"396","0.000015","0.057999",
"397","0.000010","0.058000",
"398","0.000010","0.058006",
"399","0.000027","0.058014",
"400","0.000011","0.058013",
"401","0.000010","0.058011",
"402","0.000019","0.058008",
"403","0.000010","0.058008",
"404","0.000011","0.058004",
"405","0.000010","0.058002",
"406","0.000027","0.058004",
"407","0.000012","0.058006",
"408","0.000010","0.058009",
"409","0.000017","0.058011",
"410","0.000010","0.058011",
"411","0.000021","0.058008",
"412","0.000010","0.058007",
"413","0.000026","0.058007",
"414","0.000047","0.058006",
"415","0.000037","0.058013",
"416","0.000045","0.058009",
"417","0.000050","0.058006",
"418","0.000017","0.058006",
"419","0.000010","0.057997",
"420","0.000010","0.057995",
"421","0.000025","0.057992",
"422","0.000030","0.057994",
"423","0.000040","0.057994",
"424","0.000066","0.057992",
"425","0.000058","0.057987",
"426","0.000060","0.057983",
"427","0.000043","0.057985",
"428","0.000033","0.057985",
"429","0.000055","0.057988",
"430","0.000060","0.057992",
"431","0.000091","0.057991",
"432","0.000144","0.057991",
"433","0.000167","0.057992",
"434","0.000166","0.057989",
"435","0.000182","0.057992",
"436","0.000165","0.057990",
"437","0.000181","0.057992",
"438","0.000162","0.057995",
"439","0.000165","0.057993",
"440","0.000141","0.057989",
"441","0.000156","0.057982",
"442","0.000160","0.057988",
"443","0.000153","0.057986",
"444","0.000126","0.057986",
"445","0.000055","0.057982",
"446","0.000075","0.057986",
"447","0.000082","0.057986",
"448","0.000082","0.057987",
"449","0.000086","0.057992",
"450","0.000047","0.057991",
"451","0.000045","0.057990",
"452","0.000044","0.057997",
"453","0.000055","0.057998",
"454","0.000041","0.057994",
"455","0.000040","0.057993",
"456","0.000029","0.057994",
"457","0.000052","0.057992",
"458","0.000081","0.057993",
"459","0.000103","0.057992",
"460","0.000112","0.057992",
"461","0.000126","0.057993",
"462","0.000119","0.057992",
"463","0.000146","0.057990",
"464","0.000173","0.057990",
"465","0.000181","0.057996",
"466","0.000185","0.057988",
"467","0.000200","0.057982",
"468","0.000190","0.057982",
"469","0.000176","0.057985",
"470","0.000197","0.057983",
"471","0.000206","0.057986",
"472","0.000215","0.057986",
"473","0.000208","0.057990",
"474","0.000167","0.057987",
"475","0.000152","0.057986",
"476","0.000119","0.057986",
"477","0.000153","0.057986",
"478","0.000147","0.057985",
"479","0.000146","0.057985",
"480","0.000100","0.057978",
"481","0.000073","0.057981",
"482","0.000036","0.057979",
"483","0.000039","0.057978",
"484","0.000055","0.057976",
"485","0.000046","0.057979",
"486","0.000053","0.057981",
"487","0.000073","0.057983",
"488","0.000101","0.057984",
"489","0.000115","0.057986",
"490","0.000109","0.057989",
"491","0.000147","0.057982",
"492","0.000182","0.057982",
"493","0.000208","0.057982",
"494","0.000216","0.057983",
"495","0.000228","0.057981",
"496","0.000252","0.057981",
"497","0.000266","0.057981",
"498","0.000237","0.057976",
"499","0.000228","0.057975",
"500","0.000211","0.057976",
"501","0.000223","0.057977",
"502","0.000207","0.057977",
"503","0.000195","0.057976",
"504","0.000194","0.057974",
"505","0.000172","0.057973",
"506","0.000156","0.057974",
"507","0.000168","0.057971",
"508","0.000168","0.057974",
"509","0.000182","0.057980",
"510","0.000167","0.057979",
"511","0.000171","0.057975",
"512","0.000166","0.057977",
"513","0.000148","0.057975",
"514","0.000178","0.057977",
"515","0.000191","0.057974",
"516","0.000213","0.057970",
"517","0.000210","0.057971",
"518","0.000247","0.057977",
"519","0.000223","0.057981",
"520","0.000211","0.057974",
"521","0.000245","0.057974",
"522","0.000229","0.057977",
"523","0.000232","0.057977",
"524","0.000244","0.057973",
"525","0.000242","0.057975",
"526","0.000249","0.057975",
"527","0.000226","0.057971",
"528","0.000250","0.057976",
"529","0.000225","0.057978",
"530","0.000231","0.057974",
"531","0.000243","0.057971",
"532","0.000220","0.057966",
"533","0.000204","0.057966",
"534","0.000211","0.057966",
"535","0.000208","0.057967",
"536","0.000208","0.057967",
"537","0.000208","0.057973",
"538","0.000206","0.057977",
"539","0.000221","0.057974",
"540","0.000214","0.057980",
"541","0.000209","0.057980",
"542","0.000199","0.057973",
"543","0.000189","0.057972",
"544","0.000212","0.057971",
"545","0.000216","0.057969",
"546","0.000191","0.057974",
"547","0.000213","0.057973",
"548","0.000193","0.057975",
"549","0.000190","0.057969",
"550","0.000188","0.057974",
"551","0.000182","0.057968",
"552","0.000209","0.057967",
"553","0.000193","0.057964",
"554","0.000212","0.057961",
"555","0.000196","0.057959",
"556","0.000195","0.057961",
"557","0.000198","0.057957",
"558","0.000171","0.057958",
"559","0.000180","0.057960",
"560","0.000159","0.057959",
"561","0.000170","0.057965",
"562","0.000172","0.057963",
"563","0.000168","0.057960",
"564","0.000146","0.057958",
"565","0.000166","0.057956",
"566","0.000168","0.057952",
"567","0.000175","0.057952",
"568","0.000156","0.057957",
"569","0.000173","0.057956",
"570","0.000186","0.057953",
"571","0.000188","0.057953",
"572","0.000200","0.057955",
"573","0.000202","0.057950",
"574","0.000225","0.057952",
"575","0.000229","0.057958",
"576","0.000229","0.057960",
"577","0.000213","0.057960",
"578","0.000223","0.057963",
"579","0.000209","0.057959",
"580","0.000198","0.057961",
"581","0.000214","0.057963",
"582","0.000185","0.057965",
"583","0.000201","0.057967",
"584","0.000186","0.057967",
"585","0.000173","0.057965",
"586","0.000177","0.057966",
"587","0.000179","0.057963",
"588","0.000193","0.057964",
"589","0.000215","0.057965",
"590","0.000191","0.057962",
"591","0.000208","0.057962",
"592","0.000204","0.057962",
"593","0.000217","0.057964",
"594","0.000226","0.057965",
"595","0.000232","0.057966",
"596","0.000245","0.057966",
"597","0.000246","0.057970",
"598","0.000239","0.057967",
"599","0.000266","0.057967",
"600","0.000255","0.057969",
"601","0.000251","0.057970",
"602","0.000263","0.057972",
"603","0.000280","0.057973",
"604","0.000280","0.057974",
"605","0.000255","0.057977",
"606","0.000236","0.057978",
"607","0.000252","0.057984",
"608","0.000268","0.057984",
"609","0.000281","0.057989",
"610","0.000287","0.057986",
"611","0.000279","0.057989",
"612","0.000264","0.057988",
"613","0.000255","0.057986",
"614","0.000254","0.057984",
"615","0.000261","0.057985",
"616","0.000236","0.057983",
"617","0.000237","0.057988",
"618","0.000230","0.057994",
"619","0.000231","0.057992",
"620","0.000231","0.057990",
"621","0.000215","0.057995",
"622","0.000216","0.057998",
"623","0.000209","0.058000",
"624","0.000216","0.057998",
"625","0.000193","0.058000",
"626","0.000207","0.057997",
"627","0.000200","0.058001",
"628","0.000209","0.057994",
"629","0.000238","0.057995",
"630","0.000233","0.057997",
"631","0.000231","0.057998",
"632","0.000245","0.057998",
"633","0.000246","0.058002",
"634","0.000264","0.058004",
"635","0.000267","0.058007",
"636","0.000262","0.058007",
"637","0.000257","0.058007",
"638","0.000280","0.058003",
"639","0.000263","0.058006",
"640","0.000250","0.058010",
"641","0.000249","0.058016",
"642","0.000253","0.058015",
"643","0.000252","0.058012",
"644","0.000228","0.058009",
"645","0.000221","0.058013",
"646","0.000218","0.058008",
"647","0.000199","0.058004",
"648","0.000199","0.058005",
"649","0.000186","0.058005",
"650","0.000171","0.058004",
"651","0.000178","0.058006",
"652","0.000173","0.058003",
"653","0.000181","0.057999",
"654","0.000178","0.057997",
"655","0.000193","0.057994",
"656","0.000191","0.057994",
"657","0.000229","0.057996",
"658","0.000235","0.057996",
"659","0.000235","0.057990",
"660","0.000238","0.057990",
"661","0.000225","0.057989",
"662","0.000211","0.057995",
"663","0.000203","0.058001",
"664","0.000203","0.058000",
"665","0.000200","0.058003",
"666","0.000204","0.058005",
"667","0.000214","0.058006",
"668","0.000196","0.058007",
"669","0.000176","0.058006",
"670","0.000163","0.058006",
"671","0.000181","0.058005",
"672","0.000185","0.058006",
"673","0.000162","0.058006",
"674","0.000178","0.058006",
"675","0.000182","0.058004",
"676","0.000183","0.058004",
"677","0.000189","0.058006",
"678","0.000203","0.058005",
"679","0.000204","0.058004",
"680","0.000211","0.058006",
"681","0.000206","0.058004",
"682","0.000210","0.058003",
"683","0.000216","0.058006",
"684","0.000203","0.058006",
"685","0.000199","0.058007",
"686","0.000196","0.058009",
"687","0.000202","0.058007",
"688","0.000200","0.058007",
"689","0.000190","0.058004",
"690","0.000198","0.058007",
"691","0.000199","0.058007",
"692","0.000194","0.058006",
"693","0.000187","0.058007",
"694","0.000190","0.058006",
"695","0.000195","0.058008",
"696","0.000186","0.058010",
"697","0.000184","0.058005",
"698","0.000201","0.058005",
"699","0.000194","0.058005",
"700","0.000190","0.058005",
"701","0.000200","0.058008",
"702","0.000192","0.058007",
"703","0.000205","0.058008",
"704","0.000213","0.058006",
"705","0.000229","0.058008",
"706","0.000212","0.058014",
"707","0.000183","0.058016",
"708","0.000194","0.058020",
"709","0.000185","0.058020",
"710","0.000215","0.058022",
"711","0.000214","0.058024",
"712","0.000219","0.058026",
"713","0.000223","0.058028",
"714","0.000225","0.058026",
"715","0.000239","0.058025",
"716","0.000252","0.058022",
"717","0.000228","0.058021",
"718","0.000223","0.058021",
"719","0.000217","0.058018",
"720","0.000220","0.058020",
"721","0.000236","0.058020",
"722","0.000241","0.058019",
"723","0.000246","0.058019",
"724","0.000262","0.058015",
"725","0.000274","0.058014",
"726","0.000277","0.058013",
"727","0.000287","0.058013",
"728","0.000275","0.058009",
"729","0.000269","0.058007",
"730","0.000276","0.058006",
"731","0.000281","0.058002",
"732","0.000278","0.058001",
"733","0.000278","0.058000",
"734","0.000283","0.058002",
"735","0.000287","0.058001",
"736","0.000291","0.058001",
"737","0.000275","0.058003",
"738","0.000282","0.058004",
"739","0.000296","0.058004",
"740","0.000305","0.057999",
"741","0.000302","0.057999",
"742","0.000302","0.058001",
"743","0.000307","0.058006",
"744","0.000298","0.058008",
"745","0.000300","0.058008",
"746","0.000293","0.058009",
"747","0.000303","0.058009",
"748","0.000298","0.058009",
"749","0.000306","0.058009",
"750","0.000291","0.058010",
"751","0.000284","0.058005",
"752","0.000272","0.058002",
"753","0.000261","0.057999",
"754","0.000269","0.057997",
"755","0.000264","0.057998",
"756","0.000257","0.058001",
"757","0.000254","0.058002",
"758","0.000254","0.058003",
"759","0.000247","0.058003",
"760","0.000242","0.058002",
"761","0.000228","0.057999",
"762","0.000213","0.057997",
"763","0.000207","0.057998",
"764","0.000202","0.057998",
"765","0.000189","0.058001",
"766","0.000203","0.058001",
"767","0.000226","0.057999",
"768","0.000222","0.058003",
"769","0.000221","0.058004",
"770","0.000203","0.058003",
"771","0.000202","0.058002",
"772","0.000211","0.058001",
"773","0.000211","0.057998",
"774","0.000205","0.058001",
"775","0.000206","0.057998",
"776","0.000209","0.057994",
"777","0.000212","0.057997",
"778","0.000229","0.057998",
"779","0.000218","0.057999",
"780","0.000233","0.057998",
"781","0.000242","0.057997",
"782","0.000255","0.057997",
"783","0.000274","0.057996",
"784","0.000265","0.057995",
"785","0.000280","0.057995",
"786","0.000292","0.057995",
"787","0.000297","0.057993",
"788","0.000288","0.057995",
"789","0.000292","0.057994",
"790","0.000269","0.057997",
"791","0.000278","0.057994",
"792","0.000270","0.057994",
"793","0.000292","0.057989",
"794","0.000283","0.057991",
"795","0.000285","0.057991",
"796","0.000278","0.057989",
"797","0.000251","0.057986",
"798","0.000236","0.057986",
"799","0.000228","0.057985",
"800","0.000227","0.057986",
"801","0.000227","0.057986",
"802","0.000231","0.057985",
"803","0.000219","0.057988",
"804","0.000218","0.057988",
"805","0.000239","0.057987",
"806","0.000233","0.057987",
"807","0.000234","0.057983",
"808","0.000233","0.057980",
"809","0.000237","0.057976",
"810","0.000240","0.057972",
"811","0.000249","0.057973",
"812","0.000252","0.057971",
"813","0.000256","0.057972",
"814","0.000245","0.057972",
"815","0.000255","0.057972",
"816","0.000262","0.057972",
"817","0.000255","0.057971",
"818","0.000242","0.057972",
"819","0.000262","0.057970",
"820","0.000250","0.057968",
"821","0.000255","0.057969",
"822","0.000271","0.057970",
"823","0.000283","0.057969",
"824","0.000277","0.057968",
"825","0.000276","0.057970",
"826","0.000274","0.057968",
"827","0.000281","0.057970",
"828","0.000287","0.057973",
"829","0.000284","0.057973",
"830","0.000282","0.057972",
"831","0.000271","0.057973",
"832","0.000275","0.057974",
"833","0.000279","0.057973",
"834","0.000291","0.057973",
"835","0.000271","0.057974",
"836","0.000271","0.057975",
"837","0.000264","0.057974",
"838","0.000283","0.057972",
"839","0.000301","0.057975",
"840","0.000301","0.057973",
"841","0.000309","0.057975",
"842","0.000321","0.057977",
"843","0.000303","0.057977",
"844","0.000300","0.057975",
"845","0.000303","0.057977",
"846","0.000301","0.057978",
"847","0.000304","0.057976",
"848","0.000291","0.057976",
"849","0.000287","0.057979",
"850","0.000281","0.057976",
"851","0.000267","0.057975",
"852","0.000280","0.057976",
"853","0.000288","0.057976",
"854","0.000291","0.057975",
"855","0.000275","0.057974",
"856","0.000278","0.057970",
"857","0.000279","0.057969",
"858","0.000281","0.057970",
"859","0.000279","0.057969",
"860","0.000293","0.057968",
"861","0.000297","0.057969",
"862","0.000287","0.057971",
"863","0.000280","0.057972",
"864","0.000278","0.057973",
"865","0.000270","0.057974",
"866","0.000268","0.057973",
"867","0.000252","0.057972",
"868","0.000257","0.057974",
"869","0.000244","0.057975",
"870","0.000249","0.057977",
"871","0.000248","0.057978",
"872","0.000241","0.057977",
"873","0.000243","0.057974",
"874","0.000246","0.057974",
"875","0.000245","0.057972",
"876","0.000249","0.057972",
"877","0.000254","0.057972",
"878","0.000254","0.057968",
"879","0.000251","0.057969",
"880","0.000266","0.057971",
"881","0.000260","0.057976",
"882","0.000260","0.057974",
"883","0.000255","0.057975",
"884","0.000237","0.057976",
"885","0.000226","0.057979",
"886","0.000221","0.057980",
"887","0.000216","0.057981",
"888","0.000202","0.057982",
"889","0.000208","0.057982",
"890","0.000223","0.057981",
"891","0.000212","0.057982",
"892","0.000213","0.057980",
"893","0.000197","0.057975",
"894","0.000199","0.057978",
"895","0.000206","0.057978",
"896","0.000229","0.057980",
"897","0.000215","0.057983",
"898","0.000235","0.057983",
"899","0.000247","0.057982",
"900","0.000265","0.057983",
"901","0.000260","0.057984",
"902","0.000254","0.057986",
"903","0.000247","0.057988",
"904","0.000263","0.057988",
"905","0.000250","0.057986",
"906","0.000241","0.057986",
"907","0.000242","0.057985",
"908","0.000253","0.057985",
"909","0.000249","0.057986",
"910","0.000231","0.057984",
"911","0.000225","0.057986",
"912","0.000232","0.057987",
"913","0.000228","0.057986",
"914","0.000218","0.057983",
"915","0.000227","0.057984",
"916","0.000226","0.057984",
"917","0.000218","0.057986",
"918","0.000229","0.057985",
"919","0.000231","0.057987",
"920","0.000233","0.057986",
"921","0.000238","0.057984",
"922","0.000223","0.057985",
"923","0.000208","0.057985",
"924","0.000194","0.057987",
"925","0.000186","0.057987",
"926","0.000188","0.057985",
"927","0.000185","0.057987",
"928","0.000202","0.057987",
"929","0.000213","0.057984",
"930","0.000217","0.057984",
"931","0.000212","0.057982",
"932","0.000215","0.057983",
"933","0.000217","0.057980",
"934","0.000212","0.057979",
"935","0.000218","0.057980",
"936","0.000216","0.057980",
"937","0.000217","0.057979",
"938","0.000207","0.057978",
"939","0.000211","0.057977",
"940","0.000217","0.057979",
"941","0.000220","0.057979",
"942","0.000226","0.057979",
"943","0.000228","0.057982",
"944","0.000222","0.057980",
"945","0.000211","0.057978",
"946","0.000203","0.057978",
"947","0.000209","0.057976",
"948","0.000206","0.057976",
"949","0.000214","0.057977",
"950","0.000207","0.057978",
"951","0.000218","0.057977",
"952","0.000226","0.057977",
"953","0.000220","0.057980",
"954","0.000215","0.057979",
"955","0.000221","0.057976",
"956","0.000227","0.057976",
"957","0.000228","0.057976",
"958","0.000224","0.057973",
"959","0.000220","0.057974",
"960","0.000212","0.057973",
"961","0.000222","0.057972",
"962","0.000222","0.057974",
"963","0.000213","0.057973",
"964","0.000215","0.057970",
"965","0.000219","0.057971",
"966","0.000217","0.057968",
"967","0.000214","0.057968",
"968","0.000215","0.057967",
"969","0.000214","0.057969",
"970","0.000207","0.057969",
"971","0.000203","0.057970",
"972","0.000202","0.057970",
"973","0.000198","0.057969",
"974","0.000207","0.057966",
"975","0.000202","0.057968",
"976","0.000207","0.057970",
"977","0.000215","0.057968",
"978","0.000224","0.057969",
"979","0.000215","0.057972",
"980","0.000209","0.057972",
"981","0.000208","0.057969",
"982","0.000210","0.057969",
"983","0.000201","0.057970",
"984","0.000199","0.057968",
"985","0.000207","0.057967",
"986","0.000225","0.057969",
"987","0.000224","0.057967",
"988","0.000227","0.057966",
"989","0.000221","0.057965",
"990","0.000230","0.057966",
"991","0.000222","0.057967",
"992","0.000237","0.057966",
"993","0.000244","0.057966",
"994","0.000241","0.057968",
"995","0.000240","0.057966",
"996","0.000253","0.057968",
"997","0.000251","0.057967",
"998","0.000253","0.057968",
"999","0.000249","0.057966",
